/*
SQLyog Ultimate v11.13 (64 bit)
MySQL - 5.7.23-log : Database - kpyxdb
*********************************************************************
*/

/*!40101 SET NAMES utf8 */;

/*!40101 SET SQL_MODE=''*/;

/*!40014 SET @OLD_UNIQUE_CHECKS=@@UNIQUE_CHECKS, UNIQUE_CHECKS=0 */;
/*!40014 SET @OLD_FOREIGN_KEY_CHECKS=@@FOREIGN_KEY_CHECKS, FOREIGN_KEY_CHECKS=0 */;
/*!40101 SET @OLD_SQL_MODE=@@SQL_MODE, SQL_MODE='NO_AUTO_VALUE_ON_ZERO' */;
/*!40111 SET @OLD_SQL_NOTES=@@SQL_NOTES, SQL_NOTES=0 */;
CREATE DATABASE /*!32312 IF NOT EXISTS*/`kpyxdb` /*!40100 DEFAULT CHARACTER SET utf8 COLLATE utf8_bin */;

USE `kpyxdb`;

/*Table structure for table `article` */

DROP TABLE IF EXISTS `article`;

CREATE TABLE `article` (
  `id` int(11) NOT NULL AUTO_INCREMENT COMMENT 'ID',
  `title` varchar(511) COLLATE utf8_bin NOT NULL DEFAULT '' COMMENT '文章题目',
  `author` varchar(20) COLLATE utf8_bin NOT NULL DEFAULT '' COMMENT '作者名称',
  `content` longtext COLLATE utf8_bin COMMENT '内容',
  `type` tinyint(3) NOT NULL DEFAULT '0' COMMENT '文章类型 0:开奖公告,1:政策法规,2:新闻资讯,3:常见问题,4:通知公告',
  `clink_num` int(10) NOT NULL DEFAULT '0' COMMENT '点击次数',
  `number` int(11) NOT NULL DEFAULT '0' COMMENT '期数(开奖公告有效)',
  `create_time` timestamp NOT NULL DEFAULT CURRENT_TIMESTAMP COMMENT '创建时间',
  `update_time` timestamp NOT NULL DEFAULT CURRENT_TIMESTAMP ON UPDATE CURRENT_TIMESTAMP COMMENT '更新时间',
  PRIMARY KEY (`id`)
) ENGINE=InnoDB AUTO_INCREMENT=73 DEFAULT CHARSET=utf8 COLLATE=utf8_bin;

/*Data for the table `article` */

insert  into `article`(`id`,`title`,`author`,`content`,`type`,`clink_num`,`number`,`create_time`,`update_time`) values (2,'政策法规','admin','政策法规政策法规政策法规',1,3,0,'2019-04-10 17:07:23','2019-04-21 16:43:40'),(4,'新闻资讯','admin','新闻资讯新闻资讯新闻资讯',2,1,0,'2019-04-10 17:17:56','2019-04-21 16:43:25'),(6,'通知公告2','admin','通知公告通知公告通知公告通知公告',4,0,0,'2019-04-11 10:52:45','2019-04-21 16:43:06'),(9,'新闻资讯','admin','新闻资讯新闻资讯新闻资讯',2,13,0,'2019-04-12 16:05:24','2019-04-23 16:42:43'),(10,'政策法规','admin','政策法规政策法规政策法规政策法规',1,4,0,'2019-04-12 16:06:24','2019-04-23 16:42:36'),(11,'开奖公告','admin','&lt;p&gt;sfdg夫是德国&lt;/p&gt;',0,7,1,'2019-04-12 16:10:28','2019-04-23 16:43:43'),(13,'入围名单','admin','1',5,43,1,'2019-04-11 10:52:45','2019-04-23 16:43:43'),(14,'任城区发票摇奖第二期1名幸运入围奖名单','admin',' ',5,3,1,'2019-04-23 17:21:01','2019-04-23 17:25:51'),(15,'任城区发票摇奖第二期8名幸运入围奖名单','admin',' ',5,3,2,'2019-04-23 17:24:34','2019-04-23 17:25:51'),(16,'任城区发票摇奖第二期8名幸运入围奖名单','admin',' ',5,1,5,'2019-04-23 17:32:08','2019-04-23 17:34:12'),(17,'任城区发票摇奖第二期8名幸运入围奖名单','admin',' ',5,1,2,'2019-04-23 17:35:00','2019-04-23 17:35:00'),(18,'任城区发票摇奖第三期8名幸运入围奖名单','admin',' ',5,2,3,'2019-04-23 17:47:02','2019-04-23 17:47:02'),(19,'任城区发票摇奖第四期8名幸运入围奖名单','admin',' ',5,0,4,'2019-04-23 17:48:24','2019-04-23 17:48:24'),(20,'任城区发票摇奖第五期6名幸运入围奖名单','admin',' ',5,0,5,'2019-04-23 17:48:25','2019-04-23 17:48:25'),(21,'任城区发票摇奖第六期3名幸运入围奖名单','admin',' ',5,0,6,'2019-04-23 17:48:51','2019-04-23 17:48:51'),(22,'任城区发票摇奖第七期4名幸运入围奖名单','admin',' ',5,0,7,'2019-04-23 17:48:52','2019-04-23 17:48:52'),(23,'任城区发票摇奖第八期5名幸运入围奖名单','admin',' ',5,0,8,'2019-04-23 17:48:53','2019-04-23 17:48:53'),(24,'任城区发票摇奖第九期3名幸运入围奖名单','admin',' ',5,0,9,'2019-04-23 17:48:54','2019-04-23 17:48:54'),(25,'任城区发票摇奖第一十期2名幸运入围奖名单','admin',' ',5,0,10,'2019-04-23 17:48:55','2019-04-23 17:48:55'),(26,'任城区发票摇奖第一十一期8名幸运入围奖名单','admin',' ',5,0,11,'2019-04-23 17:50:19','2019-04-23 17:50:19'),(27,'任城区发票摇奖第一十二期3名幸运入围奖名单','admin',' ',5,0,12,'2019-04-23 17:50:20','2019-04-23 17:50:20'),(28,'任城区发票摇奖第十三期8名幸运入围奖名单','admin',' ',5,0,13,'2019-04-23 17:53:58','2019-04-23 17:53:58'),(29,'任城区发票摇奖第十四期5名幸运入围奖名单','admin',' ',5,0,14,'2019-04-25 18:15:01','2019-04-25 18:15:01'),(30,'任城区发票摇奖第十五期5名幸运入围奖名单','admin',' ',5,0,15,'2019-04-25 18:18:01','2019-04-25 18:18:01'),(31,'任城区发票摇奖第四期1名幸运入围奖名单','admin',' ',5,0,4,'2019-04-25 18:41:41','2019-04-25 18:41:41'),(32,'任城区发票摇奖第五期2名幸运入围奖名单','admin',' ',5,0,5,'2019-04-25 18:44:11','2019-04-25 18:44:11'),(33,'任城区发票摇奖第六期2名幸运入围奖名单','admin',' ',5,0,6,'2019-04-25 18:46:02','2019-04-25 18:46:02'),(34,'任城区发票摇奖第七期2名幸运入围奖名单','admin',' ',5,0,7,'2019-04-25 18:47:00','2019-04-25 18:47:00'),(35,'任城区发票摇奖第八期2名幸运入围奖名单','admin',' ',5,0,8,'2019-04-25 18:49:01','2019-04-25 18:49:01'),(36,'任城区发票摇奖第九期2名幸运入围奖名单','admin',' ',5,0,9,'2019-04-25 18:50:00','2019-04-25 18:50:00'),(37,'任城区发票摇奖第十期2名幸运入围奖名单','admin',' ',5,0,10,'2019-04-25 18:51:00','2019-04-25 18:51:00'),(38,'任城区发票摇奖第十一期2名幸运入围奖名单','admin',' ',5,0,11,'2019-04-25 18:52:00','2019-04-25 18:52:00'),(39,'任城区发票摇奖第十二期2名幸运入围奖名单','admin',' ',5,0,12,'2019-04-25 18:53:00','2019-04-25 18:53:00'),(40,'任城区发票摇奖第十三期2名幸运入围奖名单','admin',' ',5,0,13,'2019-04-25 18:54:00','2019-04-25 18:54:00'),(41,'任城区发票摇奖第一期2名幸运入围奖名单','admin',' ',5,0,1,'2019-04-25 18:58:00','2019-04-25 18:58:00'),(42,'任城区发票摇奖第二期2名幸运入围奖名单','admin',' ',5,0,2,'2019-04-25 18:59:00','2019-04-25 18:59:00'),(43,'任城区发票摇奖第三期2名幸运入围奖名单','admin',' ',5,0,3,'2019-04-25 19:00:00','2019-04-25 19:00:00'),(44,'任城区发票摇奖第四期2名幸运入围奖名单','admin',' ',5,0,4,'2019-04-25 19:01:00','2019-04-25 19:01:00'),(45,'任城区发票摇奖第一期2名幸运入围奖名单','admin',' ',5,0,1,'2019-04-25 19:03:02','2019-04-25 19:03:02'),(46,'任城区发票摇奖第二期2名幸运入围奖名单','admin',' ',5,0,2,'2019-04-25 19:04:00','2019-04-25 19:04:00'),(47,'任城区发票摇奖第三期2名幸运入围奖名单','admin',' ',5,0,3,'2019-04-25 19:05:00','2019-04-25 19:05:00'),(48,'任城区发票摇奖第四期2名幸运入围奖名单','admin',' ',5,0,4,'2019-04-25 19:06:00','2019-04-25 19:06:00'),(49,'任城区发票摇奖第五期2名幸运入围奖名单','admin',' ',5,0,5,'2019-04-25 19:07:01','2019-04-25 19:07:01'),(50,'任城区发票摇奖第六期2名幸运入围奖名单','admin',' ',5,0,6,'2019-04-25 19:08:00','2019-04-25 19:08:00'),(51,'任城区发票摇奖第七期2名幸运入围奖名单','admin',' ',5,0,7,'2019-04-25 19:09:00','2019-04-25 19:09:00'),(52,'任城区发票摇奖第八期2名幸运入围奖名单','admin',' ',5,0,8,'2019-04-25 19:10:00','2019-04-25 19:10:00'),(53,'任城区发票摇奖第九期2名幸运入围奖名单','admin',' ',5,0,9,'2019-04-25 19:11:00','2019-04-25 19:11:00'),(54,'任城区发票摇奖第十期2名幸运入围奖名单','admin',' ',5,0,10,'2019-04-25 19:12:00','2019-04-25 19:12:00'),(55,'任城区发票摇奖第一期2名幸运入围奖名单','admin',' ',5,0,1,'2019-04-25 19:32:31','2019-04-25 19:32:31'),(56,'任城区发票摇奖第二期2名幸运入围奖名单','admin',' ',5,0,2,'2019-04-25 19:32:35','2019-04-25 19:32:35'),(57,'任城区发票摇奖第三期2名幸运入围奖名单','admin',' ',5,0,3,'2019-04-25 19:32:40','2019-04-25 19:32:40'),(58,'任城区发票摇奖第四期2名幸运入围奖名单','admin',' ',5,0,4,'2019-04-25 19:32:45','2019-04-25 19:32:45'),(59,'任城区发票摇奖第五期2名幸运入围奖名单','admin',' ',5,0,5,'2019-04-25 19:32:50','2019-04-25 19:32:50'),(60,'任城区发票摇奖第七期2名幸运入围奖名单','admin',' ',5,0,7,'2019-04-25 19:33:36','2019-04-25 19:33:36'),(61,'任城区发票摇奖第八期2名幸运入围奖名单','admin',' ',5,0,8,'2019-04-26 10:35:50','2019-04-26 10:35:50'),(62,'任城区发票摇奖第九期2名幸运入围奖名单','admin',' ',5,0,9,'2019-04-26 10:40:00','2019-04-26 10:40:00'),(63,'任城区发票摇奖第十期2名幸运入围奖名单','admin',' ',5,0,10,'2019-04-26 10:50:00','2019-04-26 10:50:00'),(64,'任城区发票摇奖第十一期2名幸运入围奖名单','admin',' ',5,0,11,'2019-04-26 10:51:34','2019-04-26 10:51:34'),(65,'任城区发票摇奖第十二期2名幸运入围奖名单','admin',' ',5,0,12,'2019-04-26 11:29:30','2019-04-26 11:29:30'),(66,'任城区发票摇奖第十三期2名幸运入围奖名单','admin',' ',5,0,13,'2019-04-26 14:00:00','2019-04-26 14:00:00'),(67,'任城区发票摇奖第十四期2名幸运入围奖名单','admin',' ',5,0,14,'2019-04-26 14:10:00','2019-04-26 14:10:00'),(68,'任城区发票摇奖第十四期2名幸运入围奖名单','admin',' ',5,0,14,'2019-04-30 10:00:02','2019-04-30 10:00:02'),(69,'任城区发票摇奖第十五期2名幸运入围奖名单','admin',' ',5,0,15,'2019-05-07 10:00:02','2019-05-07 10:00:02'),(70,'任城区发票摇奖第十六期2名幸运入围奖名单','admin',' ',5,2,16,'2019-05-23 16:33:03','2019-05-23 16:33:03'),(71,'任城区发票摇奖第十七期2名幸运入围奖名单','admin',' ',5,0,17,'2019-05-23 16:37:21','2019-05-23 16:37:21'),(72,'任城区发票摇奖第十八期2名幸运入围奖名单','admin',' ',5,1,18,'2019-05-23 16:38:52','2019-05-23 16:38:52');

/*Table structure for table `banner` */

DROP TABLE IF EXISTS `banner`;

CREATE TABLE `banner` (
  `id` int(11) NOT NULL AUTO_INCREMENT COMMENT 'ID',
  `type` tinyint(2) NOT NULL DEFAULT '0' COMMENT 'Banner类型',
  `title` varchar(50) COLLATE utf8_bin NOT NULL DEFAULT '' COMMENT '标题',
  `img_url` varchar(255) COLLATE utf8_bin NOT NULL DEFAULT '' COMMENT 'BannerUrl',
  `href` varchar(255) COLLATE utf8_bin NOT NULL DEFAULT '' COMMENT '超链接地址',
  `create_time` timestamp NOT NULL DEFAULT CURRENT_TIMESTAMP COMMENT '创建时间',
  `update_time` timestamp NOT NULL DEFAULT CURRENT_TIMESTAMP ON UPDATE CURRENT_TIMESTAMP COMMENT '更新时间',
  PRIMARY KEY (`id`)
) ENGINE=InnoDB AUTO_INCREMENT=9 DEFAULT CHARSET=utf8 COLLATE=utf8_bin;

/*Data for the table `banner` */

insert  into `banner`(`id`,`type`,`title`,`img_url`,`href`,`create_time`,`update_time`) values (1,0,'测试banner1','http://www.yzkpyx.net/web/images/banner1.jpg','http://www.yzkpyx.net/web/images/banner1.jpg','2019-04-10 09:56:02','2019-04-15 16:42:45'),(2,1,'测试banner2','i:/img/dota2.group_cert.jpg','3','2019-04-10 18:00:43','2019-04-15 16:42:47'),(3,1,'测试banner3','i:/img/dota2.group_cert.jpg','3','2019-04-10 18:00:43','2019-04-15 16:42:49'),(4,0,'1','i:/img/banner1.png','1','2019-05-05 11:53:31','2019-05-05 11:53:31'),(5,0,'','I:/imgbanner2.png','','2019-05-05 13:41:32','2019-05-05 13:41:32'),(6,0,'1','I:/imgbanner2.png','1','2019-05-05 13:41:56','2019-05-05 13:41:56'),(7,0,'2','I:/imgbanner2.png','2','2019-05-05 13:42:46','2019-05-05 13:42:46'),(8,0,'7','I:/img/20190505/banner3.png','7','2019-05-05 13:44:15','2019-05-05 13:44:15');

/*Table structure for table `code_dbinfo` */

DROP TABLE IF EXISTS `code_dbinfo`;

CREATE TABLE `code_dbinfo` (
  `id` int(10) unsigned NOT NULL AUTO_INCREMENT,
  `name` varchar(20) DEFAULT NULL COMMENT '别名',
  `db_driver` varchar(100) NOT NULL COMMENT '数据库驱动',
  `db_url` varchar(200) NOT NULL COMMENT '数据库地址',
  `db_user_name` varchar(100) NOT NULL COMMENT '数据库账户',
  `db_password` varchar(100) NOT NULL COMMENT '连接密码',
  `db_type` varchar(10) DEFAULT NULL COMMENT '数据库类型',
  `create_time` datetime DEFAULT NULL COMMENT '创建时间',
  `update_time` datetime DEFAULT NULL COMMENT '修改时间',
  PRIMARY KEY (`id`) USING BTREE
) ENGINE=InnoDB DEFAULT CHARSET=utf8 ROW_FORMAT=COMPACT COMMENT='数据库链接信息';

/*Data for the table `code_dbinfo` */

/*Table structure for table `friendship_link` */

DROP TABLE IF EXISTS `friendship_link`;

CREATE TABLE `friendship_link` (
  `id` int(11) NOT NULL AUTO_INCREMENT COMMENT 'ID',
  `title` varchar(50) COLLATE utf8_bin NOT NULL DEFAULT '' COMMENT '网站名称',
  `href` varchar(255) COLLATE utf8_bin NOT NULL DEFAULT '' COMMENT '超链接',
  `create_time` timestamp NOT NULL DEFAULT CURRENT_TIMESTAMP COMMENT '创建时间',
  `update_time` timestamp NOT NULL DEFAULT CURRENT_TIMESTAMP ON UPDATE CURRENT_TIMESTAMP COMMENT '更新时间',
  PRIMARY KEY (`id`)
) ENGINE=InnoDB AUTO_INCREMENT=16 DEFAULT CHARSET=utf8 COLLATE=utf8_bin;

/*Data for the table `friendship_link` */

insert  into `friendship_link`(`id`,`title`,`href`,`create_time`,`update_time`) values (14,'兖州区人民政府','http://www.yanzhou.gov.cn/5','2019-04-17 10:39:21','2019-05-07 10:16:38'),(15,'税务局','http://jining.sd-n-tax.gov.cn/col/col37768/index.html','2019-04-17 10:39:28','2019-04-17 10:39:28');

/*Table structure for table `invoice` */

DROP TABLE IF EXISTS `invoice`;

CREATE TABLE `invoice` (
  `id` int(11) NOT NULL AUTO_INCREMENT COMMENT 'ID',
  `invoice_code` varchar(12) COLLATE utf8_bin NOT NULL DEFAULT '' COMMENT '发票代码',
  `invoice_id` varchar(8) COLLATE utf8_bin NOT NULL DEFAULT '' COMMENT '发表编码',
  `phone` varchar(13) COLLATE utf8_bin NOT NULL DEFAULT '' COMMENT '手机号',
  `id_card_num` varchar(18) COLLATE utf8_bin NOT NULL DEFAULT '' COMMENT '身份证号码',
  `amount` decimal(10,2) NOT NULL DEFAULT '0.00' COMMENT '发票金额',
  `state` tinyint(2) NOT NULL DEFAULT '0' COMMENT '状态 1有效0无效',
  `create_date` date NOT NULL COMMENT '开票日期',
  `create_time` timestamp NOT NULL DEFAULT CURRENT_TIMESTAMP COMMENT '创建时间',
  `update_time` timestamp NOT NULL DEFAULT CURRENT_TIMESTAMP ON UPDATE CURRENT_TIMESTAMP COMMENT '更新时间',
  PRIMARY KEY (`id`)
) ENGINE=InnoDB AUTO_INCREMENT=130 DEFAULT CHARSET=utf8 COLLATE=utf8_bin;

/*Data for the table `invoice` */

insert  into `invoice`(`id`,`invoice_code`,`invoice_id`,`phone`,`id_card_num`,`amount`,`state`,`create_date`,`create_time`,`update_time`) values (1,'037001700101','59812211','13165373280','370883199409167412',50.00,1,'2019-04-10','2018-04-10 10:12:50','2019-04-26 10:27:18'),(2,'037001700107','59812215','13165373280','370883199409167412',50.00,1,'2019-04-10','2018-04-10 10:12:50','2019-04-26 10:27:18'),(3,'037001700107','59812215','13165373280','370883199409167412',50.00,1,'2019-04-10','2018-04-10 10:12:50','2019-04-26 10:27:18'),(4,'037001700107','59812215','13165373280','370883199409167412',50.00,1,'2019-04-10','2018-04-10 10:12:50','2019-04-26 10:27:18'),(5,'037001700107','59812215','13165373280','370883199409167412',50.00,1,'2019-04-10','2018-04-10 10:12:50','2019-04-26 10:27:18'),(6,'037001700107','59812215','13165373280','370883199409167412',50.00,1,'2019-04-10','2018-04-10 10:12:50','2019-04-26 10:27:18'),(7,'037001700107','59812215','13165373280','370883199409167412',50.00,1,'2019-04-10','2018-04-10 10:12:50','2019-04-26 10:27:18'),(8,'037001700107','59812215','13165373280','370883199409167412',50.00,1,'2019-04-10','2018-04-10 10:12:50','2019-04-26 10:27:18'),(9,'037001700107','59812215','13165373280','370883199409167412',50.00,1,'2019-04-10','2018-04-10 10:12:50','2019-04-26 10:27:18'),(10,'037001700107','59812215','13165373280','370883199409167412',50.00,1,'2019-04-10','2018-04-10 10:12:50','2019-04-26 10:27:18'),(11,'037001700107','59812215','13165373280','370883199409167412',50.00,1,'2019-04-10','2018-04-10 10:12:50','2019-04-26 10:27:18'),(14,'037001700107','59812215','13165373280','370883199409167412',50.00,1,'2019-04-10','2018-04-10 10:12:50','2019-04-26 10:27:18'),(15,'037001700107','59812215','13165373280','370883199409167412',50.00,1,'2019-04-10','2018-04-10 10:12:50','2019-04-26 10:27:18'),(16,'037001700107','59812215','13165373280','370883199409167412',50.00,1,'2019-04-10','2018-04-10 10:12:50','2019-04-26 10:27:18'),(17,'20','55','13165373280','370883199409167412',50.00,1,'2019-04-12','2018-04-10 10:12:50','2019-04-26 10:27:18'),(18,'200','550','13165373280','370883199409167412',500.00,1,'2019-04-12','2018-04-10 10:12:50','2019-04-26 10:27:18'),(19,'201','551','13165373280','370883199409167412',501.00,1,'2019-04-12','2018-04-10 10:12:50','2019-04-26 10:27:18'),(20,'200','550','13165373280','370883199409167412',500.00,1,'2019-04-12','2018-04-10 10:12:50','2019-04-26 10:27:18'),(21,'201','551','13165373280','370883199409167412',501.00,1,'2019-04-12','2018-04-10 10:12:50','2019-04-26 10:27:18'),(22,'200','550','13165373280','370883199409167412',500.00,1,'2019-04-12','2018-04-10 10:12:50','2019-04-26 10:27:18'),(23,'201','551','13165373280','370883199409167412',501.00,0,'2019-04-12','2019-04-16 09:48:11','2019-04-26 10:27:18'),(24,'1','1','15589709021','372925199610216929',1.00,1,'2019-04-16','2019-04-16 09:49:06','2019-04-26 10:27:18'),(25,'1','1','15589709021','372925199610216929',1.00,1,'2019-04-16','2019-04-16 09:48:11','2019-04-26 10:27:18'),(26,'037001700107','59812209','15589709021','372925199610216929',1.00,1,'2019-04-16','2019-04-16 09:49:06','2019-04-26 10:27:18'),(27,'037001700107','59812210','15589709021','372925199610216929',1.00,1,'2019-04-16','2019-04-16 09:49:06','2019-04-26 10:27:18'),(28,'037001700107','59812211','15589709021','372925199610216929',1.00,1,'2019-04-16','2019-04-16 10:29:49','2019-04-26 10:27:18'),(29,'037001700107','59812212','15589709021','372925199610216929',1.00,1,'2019-04-16','2019-04-16 10:30:47','2019-04-26 10:27:18'),(30,'037001700107','59812213','15589709021','372925199610216929',1.00,1,'2019-04-16','2019-04-16 10:30:47','2019-04-26 10:27:18'),(31,'037001700107','59812214','15589709021','372925199610216929',1.00,0,'2019-04-16','2019-04-16 10:30:47','2019-04-26 10:27:18'),(32,'037001700107','59812215','15589709021','372925199610216929',1.00,1,'2019-04-16','2019-04-16 10:30:47','2019-04-26 10:27:18'),(33,'037001700107','59812216','15589709021','372925199610216929',1.00,1,'2019-04-16','2019-04-16 10:30:47','2019-04-26 10:27:18'),(34,'037001700107','59812217','15589709021','372925199610216929',1.00,1,'2019-04-16','2019-04-16 13:54:42','2019-04-26 10:27:18'),(35,'037001700107','59812218','15589709021','372925199610216929',1.00,1,'2019-04-17','2019-04-17 09:28:29','2019-04-26 10:27:18'),(36,'037001700107','59812219','15589709021','372925199610216929',1.00,1,'2019-04-17','2019-04-17 09:28:50','2019-04-26 10:27:18'),(37,'037001700107','59812220','15589709021','372925199610216929',1.00,1,'2019-04-17','2019-04-17 09:28:50','2019-04-26 10:27:18'),(38,'037001700107','59812220','15589709021','372925199610216929',1.00,1,'2019-04-17','2019-04-17 09:28:50','2019-04-26 10:27:18'),(39,'037001700107','59812220','15589709021','372925199610216929',1.00,0,'2019-04-17','2019-04-17 09:28:50','2019-04-26 10:27:18'),(40,'037001700107','59812220','15589709021','372925199610216929',1.00,0,'2019-04-17','2019-04-17 09:28:50','2019-04-26 10:27:18'),(41,'037001700107','59812220','15589709021','372925199610216929',1.00,0,'2019-04-17','2019-04-17 09:28:50','2019-04-26 10:27:18'),(42,'037001700107','59812220','15589709021','372925199610216929',1.00,1,'2019-04-17','2019-04-17 09:28:50','2019-04-26 10:27:18'),(43,'037001700107','59812220','15589709021','372925199610216929',1.00,0,'2019-04-17','2019-04-17 09:28:50','2019-04-26 10:27:18'),(44,'037001700107','59812220','15589709021','372925199610216929',1.00,1,'2019-04-17','2019-04-17 09:28:50','2019-04-26 10:27:18'),(45,'037001700107','59812220','15589709021','372925199610216929',1.00,1,'2019-04-17','2019-04-17 09:28:50','2019-04-26 10:27:18'),(46,'037001700107','59812220','15589709021','372925199610216929',1.00,1,'2019-04-17','2019-04-17 09:28:50','2019-04-26 10:27:18'),(47,'037001700107','59812220','15589709021','372925199610216929',1.00,0,'2019-04-17','2019-04-17 09:28:50','2019-04-26 10:27:18'),(48,'037001700107','59812220','15589709021','372925199610216929',1.00,1,'2019-04-17','2019-04-17 09:28:50','2019-04-26 10:27:18'),(49,'037001700107','59812220','15589709021','372925199610216929',1.00,1,'2019-04-17','2019-04-17 09:28:50','2019-04-26 10:27:18'),(50,'037001700107','59812220','15589709021','372925199610216929',1.00,1,'2019-04-17','2019-04-17 09:28:50','2019-04-26 10:27:18'),(51,'037001700107','59812220','15589709021','372925199610216929',1.00,0,'2019-04-17','2019-04-17 09:28:50','2019-04-26 10:27:18'),(52,'037001700107','59812220','15589709021','372925199610216929',1.00,0,'2019-04-17','2019-04-17 09:28:50','2019-04-26 10:27:18'),(53,'037001700107','59812220','15589709021','372925199610216929',1.00,1,'2019-04-17','2019-04-17 09:28:50','2019-04-26 10:27:18'),(54,'037001700107','59812220','15589709021','372925199610216929',1.00,1,'2019-04-17','2019-04-17 09:28:50','2019-04-26 10:27:18'),(55,'037001700107','59812220','15589709021','372925199610216929',1.00,1,'2019-04-17','2019-04-17 09:28:50','2019-04-26 10:27:18'),(56,'037001700107','59812220','15589709021','372925199610216929',1.00,0,'2019-04-17','2019-04-17 09:28:50','2019-04-26 10:27:18'),(57,'037001700107','59812220','15589709021','372925199610216929',1.00,1,'2019-04-17','2019-04-17 09:28:50','2019-04-26 10:27:18'),(58,'037001700107','59812220','15589709021','372925199610216929',1.00,1,'2019-04-17','2019-04-17 09:28:50','2019-04-26 10:27:18'),(59,'037001700107','59812220','15589709021','372925199610216929',1.00,0,'2019-04-17','2019-04-17 09:28:50','2019-04-26 10:27:18'),(60,'037001700107','59812220','15589709021','372925199610216929',1.00,0,'2019-04-17','2019-04-17 09:28:50','2019-04-26 10:27:18'),(61,'037001700107','59812220','15589709021','372925199610216929',1.00,1,'2019-04-17','2019-04-17 09:28:50','2019-04-26 10:27:18'),(62,'037001700107','59812220','15589709021','372925199610216929',1.00,1,'2019-04-17','2019-04-17 09:28:50','2019-04-26 10:27:18'),(63,'037001700107','59812220','15589709021','372925199610216929',1.00,1,'2019-04-17','2019-04-17 09:28:50','2019-04-26 10:27:18'),(64,'037001700107','59812220','15589709021','372925199610216929',1.00,1,'2019-04-17','2019-04-17 09:28:50','2019-04-26 10:27:18'),(65,'037001700107','59812220','15589709021','372925199610216929',1.00,1,'2019-04-17','2019-04-17 09:28:50','2019-04-26 10:27:18'),(66,'037001700107','59812220','15589709021','372925199610216929',1.00,1,'2019-04-17','2019-04-17 09:28:50','2019-04-26 10:27:18'),(67,'037001700107','59812220','15589709021','372925199610216929',1.00,1,'2019-04-17','2019-04-17 09:28:50','2019-04-26 10:27:18'),(68,'037001700107','59812220','15589709021','372925199610216929',1.00,1,'2019-04-17','2019-04-17 09:28:50','2019-04-26 10:27:18'),(69,'037001700107','59812220','15589709021','372925199610216929',1.00,1,'2019-04-17','2019-04-17 09:28:50','2019-04-26 10:27:18'),(70,'037001700107','59812220','15589709021','372925199610216929',1.00,1,'2019-04-17','2019-04-17 09:28:50','2019-04-26 10:27:18'),(71,'037001700107','59812220','15589709021','372925199610216929',1.00,1,'2019-04-17','2019-04-17 09:28:50','2019-04-26 10:27:18'),(72,'037001700107','59812220','15589709021','372925199610216929',1.00,0,'2019-04-17','2019-04-17 09:28:50','2019-04-26 10:27:18'),(73,'037001700107','59812220','15589709021','372925199610216929',1.00,1,'2019-04-17','2019-04-17 09:28:50','2019-04-26 10:27:18'),(74,'037001700107','59812220','15589709021','372925199610216929',1.00,0,'2019-04-17','2019-04-17 09:28:50','2019-04-26 10:27:18'),(75,'037001700107','59812220','15589709021','372925199610216929',1.00,0,'2019-04-17','2019-04-17 09:28:50','2019-04-26 10:27:18'),(76,'037001700107','59812220','15589709021','372925199610216929',1.00,1,'2019-04-17','2019-04-17 09:28:50','2019-04-26 10:27:18'),(77,'037001700107','59812220','15589709021','372925199610216929',1.00,1,'2019-04-17','2019-04-17 09:28:50','2019-04-26 10:27:18'),(78,'037001700107','59812220','15589709021','372925199610216929',1.00,1,'2019-04-17','2019-04-17 09:28:50','2019-04-26 10:27:18'),(79,'037001700107','59812220','15589709021','372925199610216929',1.00,1,'2019-04-17','2019-04-17 09:28:50','2019-04-26 10:27:18'),(80,'037001700107','59812220','15589709021','372925199610216929',1.00,1,'2019-04-17','2019-04-17 09:28:50','2019-04-26 10:27:18'),(81,'037001700107','59812220','15589709021','372925199610216929',1.00,0,'2019-04-17','2019-04-17 09:28:50','2019-04-26 10:27:18'),(82,'037001700107','59812220','15589709021','372925199610216929',1.00,1,'2019-04-17','2019-04-17 09:28:50','2019-04-26 10:27:18'),(83,'037001700107','59812220','15589709021','372925199610216929',1.00,1,'2019-04-17','2019-04-17 09:28:50','2019-04-26 10:27:18'),(84,'037001700107','59812220','15589709021','372925199610216929',1.00,1,'2019-04-17','2019-04-17 09:28:50','2019-04-26 10:27:18'),(85,'037001700107','59812220','15589709021','372925199610216929',1.00,1,'2019-04-17','2019-04-17 09:28:50','2019-04-26 10:27:18'),(86,'037001700107','59812220','15589709021','372925199610216929',1.00,1,'2019-04-17','2019-04-17 09:28:50','2019-04-26 10:27:18'),(87,'037001700107','59812220','15589709021','372925199610216929',1.00,1,'2019-04-17','2019-04-17 09:28:50','2019-04-26 10:27:18'),(88,'037001700107','59812220','15589709021','372925199610216929',1.00,1,'2019-04-17','2019-04-17 09:28:50','2019-04-26 10:27:18'),(89,'037001700107','59812220','15589709021','372925199610216929',1.00,1,'2019-04-17','2019-04-17 09:28:50','2019-04-26 10:27:18'),(90,'037001700107','59812220','15589709021','372925199610216929',1.00,1,'2019-04-17','2019-04-17 09:28:50','2019-04-26 10:27:18'),(91,'037001700107','59812220','15589709021','372925199610216929',1.00,1,'2019-04-17','2019-04-17 09:28:50','2019-04-26 10:27:18'),(92,'037001700107','59812220','15589709021','372925199610216929',1.00,1,'2019-04-17','2019-04-17 09:28:50','2019-04-26 10:27:18'),(93,'037001700107','59812220','15589709021','372925199610216929',1.00,1,'2019-04-17','2019-04-17 09:28:50','2019-04-26 10:27:18'),(94,'037001700107','59812220','15589709021','372925199610216929',1.00,0,'2019-04-17','2019-04-17 09:28:50','2019-04-26 10:27:18'),(95,'037001700107','59812220','15589709021','372925199610216929',1.00,1,'2019-04-17','2019-04-17 09:28:50','2019-04-26 10:27:18'),(96,'037001700107','59812220','15589709021','372925199610216929',1.00,1,'2019-04-17','2019-04-17 09:28:50','2019-04-26 10:27:18'),(97,'037001700107','59812220','15589709021','372925199610216929',1.00,1,'2019-04-17','2019-04-17 09:28:50','2019-04-26 10:27:18'),(98,'037001700107','59812220','15589709021','372925199610216929',1.00,1,'2019-04-17','2019-04-17 09:28:50','2019-04-26 10:27:18'),(99,'037001700107','59812220','15589709021','372925199610216929',1.00,1,'2019-04-17','2019-04-17 09:28:50','2019-04-26 10:27:18'),(100,'037001700107','59812220','15589709021','372925199610216929',1.00,1,'2019-04-17','2019-04-17 09:28:50','2019-04-26 10:27:18'),(101,'037001700107','59812220','15589709021','372925199610216929',1.00,1,'2019-04-17','2019-04-17 09:28:50','2019-04-26 10:27:18'),(102,'037001700107','59812220','15589709021','372925199610216929',1.00,1,'2019-04-17','2019-04-17 09:28:50','2019-04-26 10:27:18'),(103,'037001700107','59812220','15589709021','372925199610216929',1.00,1,'2019-04-17','2019-04-17 09:28:50','2019-04-26 10:27:18'),(104,'037001700107','59812220','15589709021','372925199610216929',1.00,1,'2019-04-17','2019-04-17 09:28:50','2019-04-26 10:27:18'),(105,'037001700107','59812220','15589709021','372925199610216929',1.00,1,'2019-04-17','2019-04-17 09:28:50','2019-04-26 10:27:18'),(106,'037001700107','59812220','15589709021','372925199610216929',1.00,1,'2019-04-17','2019-04-17 09:28:50','2019-04-26 10:27:18'),(107,'037001700107','59812220','15589709021','372925199610216929',1.00,1,'2019-04-17','2019-04-17 09:28:50','2019-04-26 10:27:18'),(108,'037001700107','59812220','15589709021','372925199610216929',1.00,1,'2019-04-17','2019-04-17 09:28:50','2019-04-26 10:27:18'),(109,'037001700107','59812220','15589709021','372925199610216929',1.00,1,'2019-04-17','2019-04-17 09:28:50','2019-04-26 10:27:18'),(110,'037001700107','59812220','15589709021','372925199610216929',1.00,1,'2019-04-17','2019-04-17 09:28:50','2019-04-26 10:27:18'),(111,'037001700107','59812220','15589709021','372925199610216929',1.00,1,'2019-04-17','2019-04-17 09:28:50','2019-04-26 10:27:18'),(112,'037001700107','59812220','15589709021','372925199610216929',1.00,1,'2019-04-17','2019-04-17 09:28:50','2019-04-26 10:27:18'),(113,'037001700107','59812220','15589709021','372925199610216929',1.00,1,'2019-04-17','2019-04-17 09:28:50','2019-04-26 10:27:18'),(114,'037001700107','59812220','15589709021','372925199610216929',1.00,1,'2019-04-17','2019-04-17 09:28:50','2019-04-26 10:27:18'),(115,'037001700107','59812220','15589709021','372925199610216929',1.00,1,'2019-04-17','2019-04-17 09:28:50','2019-04-26 10:27:18'),(116,'037001700107','59812220','15589709021','372925199610216929',1.00,1,'2019-04-17','2019-04-17 09:28:50','2019-04-26 10:27:18'),(117,'037001700107','59812220','15589709021','372925199610216929',1.00,0,'2019-04-17','2019-04-17 09:28:50','2019-04-26 10:27:18'),(118,'037001700107','59812220','15589709021','372925199610216929',1.00,1,'2019-04-17','2019-04-17 09:28:50','2019-04-26 10:27:18'),(119,'037001700107','59812220','15589709021','372925199610216929',1.00,1,'2019-04-17','2019-04-17 09:28:50','2019-04-26 10:27:18'),(120,'037001700107','59812220','15589709021','372925199610216929',1.00,0,'2019-04-17','2019-04-17 09:28:50','2019-04-26 10:27:18'),(121,'037001700107','59812220','15589709021','372925199610216929',1.00,1,'2019-04-17','2019-04-17 09:28:50','2019-04-26 10:27:18'),(122,'037001700107','59812220','15589709021','372925199610216929',1.00,0,'2019-04-17','2019-04-17 09:28:50','2019-04-26 10:27:18'),(124,'037001700107','59812220','15589709021','372925199610216929',1.00,1,'2019-04-17','2019-04-17 09:28:50','2019-04-26 10:27:18'),(125,'037001700107','59812220','15589709021','372925199610216929',1.00,0,'2019-04-17','2019-04-17 09:28:50','2019-04-26 10:27:18'),(126,'037001700107','59812220','15589709021','372925199610216929',1.00,1,'2019-04-17','2019-04-17 09:28:50','2019-04-26 10:27:18'),(127,'037001700107','59812220','15589709021','372925199610216929',1.00,1,'2019-05-01','2019-04-17 09:28:50','2019-05-23 16:37:42'),(128,'037001700107','59812220','15589709021','372925199610216929',1.00,0,'2019-05-17','2019-04-17 09:28:50','2019-04-26 10:27:18'),(129,'037001700107','59812220','15589709021','372925199610216929',1.00,0,'2019-05-31','2019-04-17 09:28:50','2019-04-26 10:27:18');

/*Table structure for table `prize` */

DROP TABLE IF EXISTS `prize`;

CREATE TABLE `prize` (
  `id` int(11) NOT NULL AUTO_INCREMENT COMMENT 'ID',
  `invoice_id` int(11) NOT NULL DEFAULT '0' COMMENT '发票ID',
  `type` tinyint(2) NOT NULL DEFAULT '0' COMMENT '类型',
  `number` int(11) NOT NULL DEFAULT '0' COMMENT '期数',
  `create_time` timestamp NOT NULL DEFAULT CURRENT_TIMESTAMP COMMENT '创建时间',
  `update_time` timestamp NOT NULL DEFAULT CURRENT_TIMESTAMP ON UPDATE CURRENT_TIMESTAMP COMMENT '更新时间',
  PRIMARY KEY (`id`)
) ENGINE=InnoDB AUTO_INCREMENT=515 DEFAULT CHARSET=utf8 COLLATE=utf8_bin;

/*Data for the table `prize` */

insert  into `prize`(`id`,`invoice_id`,`type`,`number`,`create_time`,`update_time`) values (1,1,0,1,'2019-04-10 11:35:40','2019-04-22 17:31:15'),(2,3,1,1,'2019-04-10 11:35:43','2019-04-12 12:02:57'),(3,4,5,1,'2019-04-10 11:35:45','2019-04-12 16:21:18'),(4,6,11,1,'2019-04-10 11:35:52','2019-04-12 16:21:18'),(5,7,3,1,'2019-04-10 11:35:43','2019-04-12 16:15:53'),(6,8,1,1,'2019-04-10 11:35:43','2019-04-12 12:02:57'),(7,9,3,1,'2019-04-10 11:35:43','2019-04-12 16:15:53'),(8,25,1,1,'2019-04-16 15:47:56','2019-04-22 17:31:55'),(9,28,1,1,'2019-04-16 15:47:56','2019-04-22 17:31:55'),(10,32,1,1,'2019-04-16 15:54:33','2019-04-22 17:31:55'),(11,27,1,1,'2019-04-16 15:54:33','2019-04-22 17:31:55'),(12,31,1,1,'2019-04-16 15:54:33','2019-04-22 17:31:55'),(13,25,1,1,'2019-04-17 10:59:17','2019-04-22 17:31:55'),(14,32,1,1,'2019-04-17 10:59:57','2019-04-22 17:31:55'),(15,27,1,1,'2019-04-17 10:59:57','2019-04-22 17:31:55'),(16,25,1,1,'2019-04-17 11:00:28','2019-04-22 17:31:55'),(17,27,1,1,'2019-04-17 11:00:28','2019-04-22 17:31:55'),(18,28,1,1,'2019-04-17 11:00:28','2019-04-22 17:31:55'),(19,27,1,1,'2019-04-17 11:02:49','2019-04-22 17:31:55'),(20,28,1,1,'2019-04-17 11:02:49','2019-04-22 17:31:55'),(21,32,1,1,'2019-04-17 11:05:23','2019-04-22 17:31:55'),(22,28,1,1,'2019-04-17 11:05:23','2019-04-22 17:31:55'),(23,32,1,1,'2019-04-17 11:20:38','2019-04-22 17:31:55'),(24,25,1,1,'2019-04-17 11:20:38','2019-04-22 17:31:55'),(25,27,1,1,'2019-04-17 11:20:38','2019-04-22 17:31:55'),(26,27,1,1,'2019-04-17 11:21:13','2019-04-22 17:31:55'),(27,28,1,1,'2019-04-17 11:21:29','2019-04-22 17:31:55'),(28,32,1,1,'2019-04-17 11:33:44','2019-04-22 17:31:55'),(29,27,1,1,'2019-04-17 11:33:44','2019-04-22 17:31:55'),(30,32,1,1,'2019-04-17 11:35:11','2019-04-22 17:31:55'),(31,27,1,1,'2019-04-17 11:35:11','2019-04-22 17:31:55'),(32,26,1,1,'2019-04-17 11:35:11','2019-04-22 17:31:55'),(33,25,1,1,'2019-04-17 11:36:15','2019-04-22 17:31:55'),(34,27,1,1,'2019-04-17 11:36:15','2019-04-22 17:31:55'),(35,32,1,1,'2019-04-17 11:39:31','2019-04-22 17:31:55'),(36,26,1,1,'2019-04-17 11:39:31','2019-04-22 17:31:55'),(37,32,1,1,'2019-04-17 11:40:06','2019-04-22 17:31:55'),(38,25,1,1,'2019-04-17 11:40:06','2019-04-22 17:31:55'),(39,32,1,1,'2019-04-17 11:41:31','2019-04-22 17:31:55'),(40,26,1,1,'2019-04-17 11:41:31','2019-04-22 17:31:55'),(41,25,1,1,'2019-04-17 11:44:23','2019-04-22 17:31:55'),(42,27,1,1,'2019-04-17 11:44:23','2019-04-22 17:31:55'),(43,32,1,1,'2019-04-17 11:45:01','2019-04-22 17:31:55'),(44,26,1,1,'2019-04-17 11:45:01','2019-04-22 17:31:55'),(45,25,1,1,'2019-04-17 11:45:13','2019-04-22 17:31:55'),(46,27,1,1,'2019-04-17 11:45:13','2019-04-22 17:31:55'),(47,26,1,1,'2019-04-17 11:45:13','2019-04-22 17:31:55'),(48,32,1,1,'2019-04-17 11:45:26','2019-04-22 17:31:55'),(49,25,1,1,'2019-04-17 11:45:26','2019-04-22 17:31:55'),(50,27,1,1,'2019-04-17 11:45:26','2019-04-22 17:32:22'),(51,32,1,1,'2019-04-17 11:45:36','2019-04-22 17:37:11'),(52,25,1,1,'2019-04-17 11:45:36','2019-04-22 17:37:11'),(53,27,1,1,'2019-04-17 11:45:36','2019-04-22 17:37:11'),(54,32,1,1,'2019-04-17 11:47:21','2019-04-22 17:37:11'),(55,27,1,1,'2019-04-17 11:47:25','2019-04-22 17:37:11'),(56,26,1,1,'2019-04-17 11:47:25','2019-04-22 17:37:11'),(57,25,1,1,'2019-04-17 11:54:21','2019-04-22 17:37:11'),(58,35,1,1,'2019-04-17 11:54:21','2019-04-22 17:37:11'),(59,36,1,1,'2019-04-17 11:54:21','2019-04-22 17:37:11'),(60,34,1,1,'2019-04-17 11:54:45','2019-04-22 17:37:11'),(61,37,1,1,'2019-04-17 11:54:45','2019-04-22 17:37:11'),(62,32,1,1,'2019-04-17 11:55:26','2019-04-22 17:37:11'),(63,25,1,1,'2019-04-17 11:55:26','2019-04-22 17:37:11'),(64,27,1,1,'2019-04-17 11:55:26','2019-04-22 17:37:11'),(65,26,1,1,'2019-04-17 11:57:07','2019-04-22 17:37:11'),(66,35,1,1,'2019-04-17 11:57:07','2019-04-22 17:37:11'),(67,37,1,1,'2019-04-17 11:57:07','2019-04-22 17:37:11'),(68,27,1,1,'2019-04-17 11:58:20','2019-04-22 17:37:11'),(69,26,1,1,'2019-04-17 11:58:20','2019-04-22 17:37:11'),(70,37,1,1,'2019-04-17 11:58:20','2019-04-22 17:37:11'),(71,29,1,1,'2019-04-19 17:33:02','2019-04-22 17:37:11'),(72,30,1,1,'2019-04-19 17:33:03','2019-04-22 17:37:11'),(73,25,1,1,'2019-04-19 17:33:03','2019-04-22 17:37:11'),(74,27,1,1,'2019-04-19 17:42:11','2019-04-22 17:37:11'),(75,32,1,1,'2019-04-19 17:42:11','2019-04-22 17:37:11'),(76,33,1,1,'2019-04-19 17:42:11','2019-04-22 17:37:11'),(77,35,1,1,'2019-04-22 10:44:24','2019-04-22 17:37:11'),(78,24,1,1,'2019-04-22 10:44:24','2019-04-22 17:37:11'),(79,36,1,1,'2019-04-22 10:44:24','2019-04-22 17:37:11'),(80,34,1,1,'2019-04-22 11:11:26','2019-04-22 17:37:11'),(81,34,1,1,'2019-04-22 11:11:27','2019-04-22 17:37:11'),(82,34,1,1,'2019-04-22 11:11:27','2019-04-22 17:37:11'),(83,31,1,1,'2019-04-22 11:24:38','2019-04-22 17:37:11'),(84,35,1,1,'2019-04-22 11:24:38','2019-04-22 17:37:11'),(85,30,1,1,'2019-04-22 11:24:38','2019-04-22 17:37:11'),(86,33,1,1,'2019-04-22 11:33:00','2019-04-22 17:37:11'),(87,23,1,1,'2019-04-22 11:33:00','2019-04-22 17:37:11'),(88,29,1,1,'2019-04-22 11:33:00','2019-04-22 17:37:11'),(89,32,1,1,'2019-04-22 11:42:53','2019-04-22 17:37:11'),(90,25,1,1,'2019-04-22 11:42:53','2019-04-22 17:37:11'),(91,31,1,1,'2019-04-22 11:42:53','2019-04-22 17:37:11'),(92,28,1,1,'2019-04-22 15:16:56','2019-04-22 17:37:11'),(93,31,2,1,'2019-04-22 15:17:04','2019-04-22 17:37:11'),(94,31,1,1,'2019-04-22 15:22:01','2019-04-22 17:37:11'),(95,29,2,1,'2019-04-22 15:22:16','2019-04-22 17:37:11'),(96,32,1,1,'2019-04-22 15:23:20','2019-04-22 17:37:11'),(97,27,6,1,'2019-04-22 15:23:47','2019-04-22 17:37:11'),(98,23,6,1,'2019-04-22 15:23:47','2019-04-22 17:37:11'),(99,37,6,1,'2019-04-22 15:23:47','2019-04-22 17:37:11'),(100,25,9,1,'2019-04-22 15:23:53','2019-04-22 17:37:11'),(101,27,9,1,'2019-04-22 15:23:53','2019-04-22 17:37:11'),(102,26,9,1,'2019-04-22 15:23:53','2019-04-22 17:37:11'),(103,34,9,1,'2019-04-22 15:23:53','2019-04-22 17:37:11'),(104,35,9,1,'2019-04-22 15:23:53','2019-04-22 17:37:11'),(105,36,9,1,'2019-04-22 15:23:53','2019-04-22 17:37:11'),(106,32,9,1,'2019-04-22 15:23:53','2019-04-22 17:37:11'),(107,33,9,1,'2019-04-22 15:23:53','2019-04-22 17:37:11'),(108,34,9,1,'2019-04-22 15:23:53','2019-04-22 17:37:11'),(109,35,9,1,'2019-04-22 15:23:53','2019-04-22 17:37:11'),(110,30,9,1,'2019-04-22 15:23:53','2019-04-22 17:37:11'),(111,31,9,1,'2019-04-22 15:23:53','2019-04-22 17:37:11'),(112,33,9,1,'2019-04-22 15:23:53','2019-04-22 17:37:11'),(113,34,9,1,'2019-04-22 15:23:53','2019-04-22 17:37:11'),(114,24,9,1,'2019-04-22 15:23:53','2019-04-22 17:37:11'),(115,25,9,1,'2019-04-22 15:23:53','2019-04-22 17:37:11'),(116,29,9,1,'2019-04-22 15:23:53','2019-04-22 17:37:11'),(117,30,9,1,'2019-04-22 15:23:53','2019-04-22 17:37:11'),(118,31,9,1,'2019-04-22 15:23:53','2019-04-22 17:37:11'),(119,24,1,1,'2019-04-22 15:30:03','2019-04-22 17:37:11'),(120,36,1,1,'2019-04-22 15:30:11','2019-04-22 17:37:11'),(121,32,2,1,'2019-04-22 15:34:41','2019-04-22 17:37:11'),(122,25,1,1,'2019-04-22 15:41:19','2019-04-22 17:37:11'),(123,34,1,1,'2019-04-22 15:41:19','2019-04-22 17:37:11'),(124,29,1,1,'2019-04-22 15:41:19','2019-04-22 17:37:11'),(125,28,1,1,'2019-04-22 15:41:20','2019-04-22 17:37:11'),(126,31,1,1,'2019-04-22 15:42:04','2019-04-22 17:37:11'),(127,27,2,1,'2019-04-22 15:48:34','2019-04-22 17:37:11'),(128,30,0,1,'2019-04-22 15:49:31','2019-04-22 17:37:11'),(129,33,1,1,'2019-04-22 15:49:31','2019-04-22 17:37:11'),(130,26,1,1,'2019-04-22 15:49:31','2019-04-22 17:37:11'),(131,37,1,1,'2019-04-22 15:49:31','2019-04-22 17:37:11'),(132,29,0,1,'2019-04-22 15:50:34','2019-04-22 17:37:11'),(133,34,9,1,'2019-04-22 15:50:50','2019-04-22 17:37:11'),(134,35,9,1,'2019-04-22 15:50:50','2019-04-22 17:37:11'),(135,31,9,1,'2019-04-22 15:50:50','2019-04-22 17:37:11'),(136,27,9,1,'2019-04-22 15:50:50','2019-04-22 17:37:11'),(137,23,9,1,'2019-04-22 15:50:50','2019-04-22 17:37:11'),(138,25,9,1,'2019-04-22 15:50:50','2019-04-22 17:37:11'),(139,34,9,1,'2019-04-22 15:50:50','2019-04-22 17:37:11'),(140,35,9,1,'2019-04-22 15:50:50','2019-04-22 17:37:11'),(141,30,9,1,'2019-04-22 15:50:50','2019-04-22 17:37:11'),(142,32,9,1,'2019-04-22 15:50:50','2019-04-22 17:37:11'),(143,33,9,1,'2019-04-22 15:50:50','2019-04-22 17:37:11'),(144,29,1,1,'2019-04-22 15:54:21','2019-04-22 17:37:11'),(145,32,0,1,'2019-04-22 15:54:34','2019-04-22 17:37:11'),(146,36,0,1,'2019-04-22 15:54:55','2019-04-22 17:37:11'),(147,27,0,1,'2019-04-22 15:55:01','2019-04-22 17:37:11'),(148,27,8,1,'2019-04-22 15:55:05','2019-04-22 17:37:11'),(149,33,8,1,'2019-04-22 15:55:05','2019-04-22 17:37:11'),(150,33,8,1,'2019-04-22 15:55:05','2019-04-22 17:37:11'),(151,32,9,1,'2019-04-22 15:55:20','2019-04-22 17:37:11'),(152,25,9,1,'2019-04-22 15:55:20','2019-04-22 17:37:11'),(153,26,9,1,'2019-04-22 15:55:20','2019-04-22 17:37:11'),(154,34,9,1,'2019-04-22 15:55:20','2019-04-22 17:37:11'),(155,35,9,1,'2019-04-22 15:55:20','2019-04-22 17:37:11'),(156,37,9,1,'2019-04-22 15:55:20','2019-04-22 17:37:11'),(157,34,9,1,'2019-04-22 15:55:20','2019-04-22 17:37:11'),(158,35,9,1,'2019-04-22 15:55:20','2019-04-22 17:37:11'),(159,30,9,1,'2019-04-22 15:55:20','2019-04-22 17:37:11'),(160,31,9,1,'2019-04-22 15:55:20','2019-04-22 17:37:11'),(161,34,9,1,'2019-04-22 15:55:20','2019-04-22 17:37:11'),(162,23,9,1,'2019-04-22 15:55:20','2019-04-22 17:37:11'),(163,24,9,1,'2019-04-22 15:55:20','2019-04-22 17:37:11'),(164,25,9,1,'2019-04-22 15:55:20','2019-04-22 17:37:11'),(165,29,9,1,'2019-04-22 15:55:20','2019-04-22 17:37:11'),(166,30,9,1,'2019-04-22 15:55:20','2019-04-22 17:37:11'),(167,31,9,1,'2019-04-22 15:55:20','2019-04-22 17:37:11'),(168,31,9,1,'2019-04-22 15:55:20','2019-04-22 17:37:11'),(169,31,0,1,'2019-04-22 15:55:54','2019-04-22 17:37:11'),(170,36,1,1,'2019-04-22 16:10:26','2019-04-22 17:37:11'),(171,73,5,1,'2019-04-22 16:10:43','2019-04-22 17:37:11'),(172,126,5,1,'2019-04-22 16:10:43','2019-04-22 17:37:11'),(173,59,0,1,'2019-04-22 16:11:31','2019-04-22 17:37:11'),(174,99,2,1,'2019-04-22 16:13:18','2019-04-22 17:37:11'),(175,48,0,1,'2019-04-22 16:16:27','2019-04-22 17:37:11'),(176,65,3,1,'2019-04-22 16:18:37','2019-04-22 17:37:11'),(177,123,0,1,'2019-04-22 16:22:53','2019-04-22 17:37:11'),(178,86,1,1,'2019-04-22 16:23:05','2019-04-22 17:37:11'),(179,98,9,1,'2019-04-22 16:23:28','2019-04-22 17:37:11'),(180,100,9,1,'2019-04-22 16:23:28','2019-04-22 17:37:11'),(181,102,9,1,'2019-04-22 16:23:28','2019-04-22 17:37:11'),(182,104,9,1,'2019-04-22 16:23:28','2019-04-22 17:37:11'),(183,105,9,1,'2019-04-22 16:23:28','2019-04-22 17:37:11'),(184,108,9,1,'2019-04-22 16:23:28','2019-04-22 17:37:11'),(185,109,9,1,'2019-04-22 16:23:28','2019-04-22 17:37:11'),(186,110,9,1,'2019-04-22 16:23:28','2019-04-22 17:37:11'),(187,111,9,1,'2019-04-22 16:23:28','2019-04-22 17:37:11'),(188,112,9,1,'2019-04-22 16:23:28','2019-04-22 17:37:11'),(189,113,9,1,'2019-04-22 16:23:28','2019-04-22 17:37:11'),(190,115,9,1,'2019-04-22 16:23:28','2019-04-22 17:37:11'),(191,116,9,1,'2019-04-22 16:23:28','2019-04-22 17:37:11'),(192,117,9,1,'2019-04-22 16:23:28','2019-04-22 17:37:11'),(193,119,9,1,'2019-04-22 16:23:28','2019-04-22 17:37:11'),(194,120,9,1,'2019-04-22 16:23:28','2019-04-22 17:37:11'),(195,121,9,1,'2019-04-22 16:23:28','2019-04-22 17:37:11'),(196,125,9,1,'2019-04-22 16:23:28','2019-04-22 17:37:11'),(197,34,9,1,'2019-04-22 16:23:28','2019-04-22 17:37:11'),(198,35,9,1,'2019-04-22 16:23:28','2019-04-22 17:37:11'),(199,37,9,1,'2019-04-22 16:23:28','2019-04-22 17:37:11'),(200,40,9,1,'2019-04-22 16:23:28','2019-04-22 17:37:11'),(201,46,9,1,'2019-04-22 16:23:28','2019-04-22 17:37:11'),(202,49,9,1,'2019-04-22 16:23:28','2019-04-22 17:37:11'),(203,50,9,1,'2019-04-22 16:23:28','2019-04-22 17:37:11'),(204,52,9,1,'2019-04-22 16:23:28','2019-04-22 17:37:11'),(205,54,9,1,'2019-04-22 16:23:28','2019-04-22 17:37:11'),(206,57,9,1,'2019-04-22 16:23:28','2019-04-22 17:37:11'),(207,58,9,1,'2019-04-22 16:23:28','2019-04-22 17:37:11'),(208,61,9,1,'2019-04-22 16:23:28','2019-04-22 17:37:11'),(209,63,9,1,'2019-04-22 16:23:28','2019-04-22 17:37:11'),(210,64,9,1,'2019-04-22 16:23:28','2019-04-22 17:37:11'),(211,67,9,1,'2019-04-22 16:23:28','2019-04-22 17:37:11'),(212,68,9,1,'2019-04-22 16:23:28','2019-04-22 17:37:11'),(213,70,9,1,'2019-04-22 16:23:28','2019-04-22 17:37:11'),(214,74,9,1,'2019-04-22 16:23:28','2019-04-22 17:37:11'),(215,75,9,1,'2019-04-22 16:23:28','2019-04-22 17:37:11'),(216,78,9,1,'2019-04-22 16:23:28','2019-04-22 17:37:11'),(217,79,9,1,'2019-04-22 16:23:28','2019-04-22 17:37:11'),(218,80,9,1,'2019-04-22 16:23:28','2019-04-22 17:37:11'),(219,81,9,1,'2019-04-22 16:23:28','2019-04-22 17:37:11'),(220,82,9,1,'2019-04-22 16:23:28','2019-04-22 17:37:11'),(221,87,9,1,'2019-04-22 16:23:28','2019-04-22 17:37:11'),(222,88,9,1,'2019-04-22 16:23:28','2019-04-22 17:37:11'),(223,90,9,1,'2019-04-22 16:23:28','2019-04-22 17:37:11'),(224,92,9,1,'2019-04-22 16:23:28','2019-04-22 17:37:11'),(225,93,9,1,'2019-04-22 16:23:28','2019-04-22 17:37:11'),(226,94,9,1,'2019-04-22 16:23:28','2019-04-22 17:37:11'),(227,96,9,1,'2019-04-22 16:23:28','2019-04-22 17:37:11'),(228,97,9,1,'2019-04-22 16:23:28','2019-04-22 17:37:11'),(229,101,9,1,'2019-04-22 16:23:33','2019-04-22 17:37:11'),(230,38,9,1,'2019-04-22 16:23:33','2019-04-22 17:37:11'),(231,103,9,1,'2019-04-22 16:23:33','2019-04-22 17:37:11'),(232,39,9,1,'2019-04-22 16:23:33','2019-04-22 17:37:11'),(233,41,9,1,'2019-04-22 16:23:33','2019-04-22 17:37:11'),(234,106,9,1,'2019-04-22 16:23:33','2019-04-22 17:37:11'),(235,42,9,1,'2019-04-22 16:23:33','2019-04-22 17:37:11'),(236,43,9,1,'2019-04-22 16:23:33','2019-04-22 17:37:11'),(237,44,9,1,'2019-04-22 16:23:33','2019-04-22 17:37:11'),(238,45,9,1,'2019-04-22 16:23:33','2019-04-22 17:37:11'),(239,47,9,1,'2019-04-22 16:23:33','2019-04-22 17:37:11'),(240,114,9,1,'2019-04-22 16:23:33','2019-04-22 17:37:11'),(241,51,9,1,'2019-04-22 16:23:33','2019-04-22 17:37:11'),(242,53,9,1,'2019-04-22 16:23:33','2019-04-22 17:37:11'),(243,118,9,1,'2019-04-22 16:23:33','2019-04-22 17:37:11'),(244,55,9,1,'2019-04-22 16:23:33','2019-04-22 17:37:11'),(245,56,9,1,'2019-04-22 16:23:33','2019-04-22 17:37:11'),(246,122,9,1,'2019-04-22 16:23:33','2019-04-22 17:37:11'),(247,60,9,1,'2019-04-22 16:23:33','2019-04-22 17:37:11'),(248,124,9,1,'2019-04-22 16:23:33','2019-04-22 17:37:11'),(249,62,9,1,'2019-04-22 16:23:33','2019-04-22 17:37:11'),(250,66,9,1,'2019-04-22 16:23:33','2019-04-22 17:37:11'),(251,69,9,1,'2019-04-22 16:23:33','2019-04-22 17:37:11'),(252,71,9,1,'2019-04-22 16:23:33','2019-04-22 17:37:11'),(253,72,9,1,'2019-04-22 16:23:33','2019-04-22 17:37:11'),(254,76,9,1,'2019-04-22 16:23:33','2019-04-22 17:37:11'),(255,77,9,1,'2019-04-22 16:23:33','2019-04-22 17:37:11'),(256,83,9,1,'2019-04-22 16:23:33','2019-04-22 17:37:11'),(257,84,9,1,'2019-04-22 16:23:33','2019-04-22 17:37:11'),(258,85,9,1,'2019-04-22 16:23:33','2019-04-22 17:37:11'),(259,89,9,1,'2019-04-22 16:23:33','2019-04-22 17:37:11'),(260,91,9,1,'2019-04-22 16:23:33','2019-04-22 17:37:11'),(261,95,9,1,'2019-04-22 16:23:33','2019-04-22 17:37:11'),(262,33,9,1,'2019-04-22 16:23:33','2019-04-22 17:37:11'),(263,102,9,1,'2019-04-22 16:24:02','2019-04-22 17:37:11'),(264,104,9,1,'2019-04-22 16:24:03','2019-04-22 17:37:11'),(265,105,9,1,'2019-04-22 16:24:03','2019-04-22 17:37:11'),(266,107,9,1,'2019-04-22 16:24:03','2019-04-22 17:37:11'),(267,110,9,1,'2019-04-22 16:24:03','2019-04-22 17:37:11'),(268,111,9,1,'2019-04-22 16:24:03','2019-04-22 17:37:11'),(269,116,9,1,'2019-04-22 16:24:03','2019-04-22 17:37:11'),(270,117,9,1,'2019-04-22 16:24:03','2019-04-22 17:37:11'),(271,118,9,1,'2019-04-22 16:24:03','2019-04-22 17:37:11'),(272,119,9,1,'2019-04-22 16:24:03','2019-04-22 17:37:11'),(273,121,9,1,'2019-04-22 16:24:03','2019-04-22 17:37:11'),(274,122,9,1,'2019-04-22 16:24:03','2019-04-22 17:37:11'),(275,32,9,1,'2019-04-22 16:24:03','2019-04-22 17:37:11'),(276,25,9,1,'2019-04-22 16:24:03','2019-04-22 17:37:11'),(277,26,9,1,'2019-04-22 16:24:03','2019-04-22 17:37:11'),(278,34,9,1,'2019-04-22 16:24:03','2019-04-22 17:37:11'),(279,35,9,1,'2019-04-22 16:24:03','2019-04-22 17:37:11'),(280,36,9,1,'2019-04-22 16:24:03','2019-04-22 17:37:11'),(281,37,9,1,'2019-04-22 16:24:03','2019-04-22 17:37:11'),(282,32,9,1,'2019-04-22 16:24:03','2019-04-22 17:37:11'),(283,33,9,1,'2019-04-22 16:24:03','2019-04-22 17:37:11'),(284,34,9,1,'2019-04-22 16:24:03','2019-04-22 17:37:11'),(285,29,9,1,'2019-04-22 16:24:03','2019-04-22 17:37:11'),(286,33,9,1,'2019-04-22 16:24:03','2019-04-22 17:37:11'),(287,25,9,1,'2019-04-22 16:24:03','2019-04-22 17:37:11'),(288,29,9,1,'2019-04-22 16:24:03','2019-04-22 17:37:11'),(289,30,9,1,'2019-04-22 16:24:03','2019-04-22 17:37:11'),(290,34,9,1,'2019-04-22 16:24:03','2019-04-22 17:37:11'),(291,35,9,1,'2019-04-22 16:24:03','2019-04-22 17:37:11'),(292,37,9,1,'2019-04-22 16:24:03','2019-04-22 17:37:11'),(293,41,9,1,'2019-04-22 16:24:03','2019-04-22 17:37:11'),(294,42,9,1,'2019-04-22 16:24:03','2019-04-22 17:37:11'),(295,45,9,1,'2019-04-22 16:24:03','2019-04-22 17:37:11'),(296,51,9,1,'2019-04-22 16:24:03','2019-04-22 17:37:11'),(297,52,9,1,'2019-04-22 16:24:03','2019-04-22 17:37:11'),(298,54,9,1,'2019-04-22 16:24:03','2019-04-22 17:37:11'),(299,56,9,1,'2019-04-22 16:24:03','2019-04-22 17:37:11'),(300,58,9,1,'2019-04-22 16:24:03','2019-04-22 17:37:11'),(301,62,9,1,'2019-04-22 16:24:03','2019-04-22 17:37:11'),(302,64,9,1,'2019-04-22 16:24:03','2019-04-22 17:37:11'),(303,66,9,1,'2019-04-22 16:24:03','2019-04-22 17:37:11'),(304,67,9,1,'2019-04-22 16:24:03','2019-04-22 17:37:11'),(305,69,9,1,'2019-04-22 16:24:03','2019-04-22 17:37:11'),(306,70,9,1,'2019-04-22 16:24:03','2019-04-22 17:37:11'),(307,75,9,1,'2019-04-22 16:24:03','2019-04-22 17:37:11'),(308,80,9,1,'2019-04-22 16:24:03','2019-04-22 17:37:11'),(309,85,9,1,'2019-04-22 16:24:03','2019-04-22 17:37:11'),(310,87,9,1,'2019-04-22 16:24:03','2019-04-22 17:37:11'),(311,91,9,1,'2019-04-22 16:24:03','2019-04-22 17:37:11'),(312,94,9,1,'2019-04-22 16:24:03','2019-04-22 17:37:11'),(313,98,9,1,'2019-04-22 16:24:04','2019-04-22 17:37:11'),(314,99,9,1,'2019-04-22 16:24:04','2019-04-22 17:37:11'),(315,100,9,1,'2019-04-22 16:24:04','2019-04-22 17:37:11'),(316,101,9,1,'2019-04-22 16:24:04','2019-04-22 17:37:11'),(317,103,9,1,'2019-04-22 16:24:04','2019-04-22 17:37:11'),(318,109,9,1,'2019-04-22 16:24:04','2019-04-22 17:37:11'),(319,113,9,1,'2019-04-22 16:24:04','2019-04-22 17:37:11'),(320,114,9,1,'2019-04-22 16:24:04','2019-04-22 17:37:11'),(321,120,9,1,'2019-04-22 16:24:04','2019-04-22 17:37:11'),(322,123,9,1,'2019-04-22 16:24:04','2019-04-22 17:37:11'),(323,124,9,1,'2019-04-22 16:24:04','2019-04-22 17:37:11'),(324,125,9,1,'2019-04-22 16:24:04','2019-04-22 17:37:11'),(325,126,9,1,'2019-04-22 16:24:04','2019-04-22 17:37:11'),(326,27,9,1,'2019-04-22 16:24:04','2019-04-22 17:37:11'),(327,35,9,1,'2019-04-22 16:24:04','2019-04-22 17:37:11'),(328,30,9,1,'2019-04-22 16:24:04','2019-04-22 17:37:11'),(329,31,9,1,'2019-04-22 16:24:04','2019-04-22 17:37:11'),(330,23,9,1,'2019-04-22 16:24:04','2019-04-22 17:37:11'),(331,31,9,1,'2019-04-22 16:24:04','2019-04-22 17:37:11'),(332,32,9,1,'2019-04-22 16:24:04','2019-04-22 17:37:11'),(333,33,9,1,'2019-04-22 16:24:04','2019-04-22 17:37:11'),(334,36,9,1,'2019-04-22 16:24:04','2019-04-22 17:37:11'),(335,39,9,1,'2019-04-22 16:24:04','2019-04-22 17:37:11'),(336,43,9,1,'2019-04-22 16:24:04','2019-04-22 17:37:11'),(337,46,9,1,'2019-04-22 16:24:04','2019-04-22 17:37:11'),(338,47,9,1,'2019-04-22 16:24:04','2019-04-22 17:37:11'),(339,48,9,1,'2019-04-22 16:24:04','2019-04-22 17:37:11'),(340,49,9,1,'2019-04-22 16:24:04','2019-04-22 17:37:11'),(341,50,9,1,'2019-04-22 16:24:04','2019-04-22 17:37:11'),(342,57,9,1,'2019-04-22 16:24:04','2019-04-22 17:37:11'),(343,59,9,1,'2019-04-22 16:24:04','2019-04-22 17:37:11'),(344,61,9,1,'2019-04-22 16:24:04','2019-04-22 17:37:11'),(345,63,9,1,'2019-04-22 16:24:04','2019-04-22 17:37:11'),(346,65,9,1,'2019-04-22 16:24:04','2019-04-22 17:37:11'),(347,71,9,1,'2019-04-22 16:24:04','2019-04-22 17:37:11'),(348,72,9,1,'2019-04-22 16:24:04','2019-04-22 17:37:11'),(349,73,9,1,'2019-04-22 16:24:04','2019-04-22 17:37:11'),(350,77,9,1,'2019-04-22 16:24:04','2019-04-22 17:37:11'),(351,78,9,1,'2019-04-22 16:24:04','2019-04-22 17:37:11'),(352,81,9,1,'2019-04-22 16:24:04','2019-04-22 17:37:11'),(353,83,9,1,'2019-04-22 16:24:04','2019-04-22 17:37:11'),(354,84,9,1,'2019-04-22 16:24:04','2019-04-22 17:37:11'),(355,86,9,1,'2019-04-22 16:24:04','2019-04-22 17:37:11'),(356,88,9,1,'2019-04-22 16:24:04','2019-04-22 17:37:11'),(357,89,9,1,'2019-04-22 16:24:04','2019-04-22 17:37:11'),(358,90,9,1,'2019-04-22 16:24:04','2019-04-22 17:37:11'),(359,92,9,1,'2019-04-22 16:24:04','2019-04-22 17:37:11'),(360,93,9,1,'2019-04-22 16:24:04','2019-04-22 17:37:11'),(361,95,9,1,'2019-04-22 16:24:04','2019-04-22 17:37:11'),(362,96,9,1,'2019-04-22 16:24:04','2019-04-22 17:37:11'),(363,30,1,1,'2019-04-22 16:25:30','2019-04-22 17:37:11'),(364,113,1,1,'2019-04-22 16:25:30','2019-04-22 17:37:11'),(365,81,1,1,'2019-04-22 16:25:30','2019-04-22 17:37:11'),(366,28,1,1,'2019-04-22 16:25:31','2019-04-22 17:37:11'),(367,35,0,1,'2019-04-22 16:26:15','2019-04-22 17:37:11'),(368,34,0,1,'2019-04-22 16:29:14','2019-04-22 17:37:11'),(369,32,0,1,'2019-04-22 16:31:01','2019-04-22 17:37:11'),(370,105,1,1,'2019-04-22 16:31:08','2019-04-22 17:37:11'),(371,106,2,1,'2019-04-22 16:31:19','2019-04-22 17:37:11'),(372,103,3,1,'2019-04-22 16:31:37','2019-04-22 17:37:11'),(373,101,4,1,'2019-04-22 16:31:43','2019-04-22 17:37:11'),(374,51,7,1,'2019-04-22 16:31:47','2019-04-22 17:37:11'),(375,67,7,1,'2019-04-22 16:31:47','2019-04-22 17:37:11'),(376,69,7,1,'2019-04-22 16:31:47','2019-04-22 17:37:11'),(377,27,7,1,'2019-04-22 16:31:47','2019-04-22 17:37:11'),(378,98,9,1,'2019-04-22 16:32:04','2019-04-22 17:37:11'),(379,104,9,1,'2019-04-22 16:32:04','2019-04-22 17:37:11'),(380,107,9,1,'2019-04-22 16:32:04','2019-04-22 17:37:11'),(381,108,9,1,'2019-04-22 16:32:04','2019-04-22 17:37:11'),(382,110,9,1,'2019-04-22 16:32:04','2019-04-22 17:37:11'),(383,114,9,1,'2019-04-22 16:32:04','2019-04-22 17:37:11'),(384,115,9,1,'2019-04-22 16:32:04','2019-04-22 17:37:11'),(385,117,9,1,'2019-04-22 16:32:04','2019-04-22 17:37:11'),(386,118,9,1,'2019-04-22 16:32:04','2019-04-22 17:37:11'),(387,120,9,1,'2019-04-22 16:32:04','2019-04-22 17:37:11'),(388,123,9,1,'2019-04-22 16:32:04','2019-04-22 17:37:11'),(389,124,9,1,'2019-04-22 16:32:04','2019-04-22 17:37:11'),(390,125,9,1,'2019-04-22 16:32:04','2019-04-22 17:37:11'),(391,26,9,1,'2019-04-22 16:32:04','2019-04-22 17:37:11'),(392,35,9,1,'2019-04-22 16:32:04','2019-04-22 17:37:11'),(393,36,9,1,'2019-04-22 16:32:04','2019-04-22 17:37:11'),(394,32,9,1,'2019-04-22 16:32:04','2019-04-22 17:37:11'),(395,33,9,1,'2019-04-22 16:32:04','2019-04-22 17:37:11'),(396,27,9,1,'2019-04-22 16:32:04','2019-04-22 17:37:11'),(397,29,9,1,'2019-04-22 16:32:04','2019-04-22 17:37:11'),(398,30,9,1,'2019-04-22 16:32:04','2019-04-22 17:37:11'),(399,23,9,1,'2019-04-22 16:32:04','2019-04-22 17:37:11'),(400,29,9,1,'2019-04-22 16:32:04','2019-04-22 17:37:11'),(401,31,9,1,'2019-04-22 16:32:04','2019-04-22 17:37:11'),(402,35,9,1,'2019-04-22 16:32:04','2019-04-22 17:37:11'),(403,37,9,1,'2019-04-22 16:32:04','2019-04-22 17:37:11'),(404,39,9,1,'2019-04-22 16:32:04','2019-04-22 17:37:11'),(405,42,9,1,'2019-04-22 16:32:04','2019-04-22 17:37:11'),(406,44,9,1,'2019-04-22 16:32:04','2019-04-22 17:37:11'),(407,47,9,1,'2019-04-22 16:32:04','2019-04-22 17:37:11'),(408,48,9,1,'2019-04-22 16:32:04','2019-04-22 17:37:11'),(409,50,9,1,'2019-04-22 16:32:04','2019-04-22 17:37:11'),(410,54,9,1,'2019-04-22 16:32:04','2019-04-22 17:37:11'),(411,60,9,1,'2019-04-22 16:32:04','2019-04-22 17:37:11'),(412,61,9,1,'2019-04-22 16:32:04','2019-04-22 17:37:11'),(413,62,9,1,'2019-04-22 16:32:04','2019-04-22 17:37:11'),(414,63,9,1,'2019-04-22 16:32:04','2019-04-22 17:37:11'),(415,64,9,1,'2019-04-22 16:32:04','2019-04-22 17:37:11'),(416,71,9,1,'2019-04-22 16:32:04','2019-04-22 17:37:11'),(417,74,9,1,'2019-04-22 16:32:04','2019-04-22 17:37:11'),(418,76,9,1,'2019-04-22 16:32:04','2019-04-22 17:37:11'),(419,79,9,1,'2019-04-22 16:32:04','2019-04-22 17:37:11'),(420,83,9,1,'2019-04-22 16:32:04','2019-04-22 17:37:11'),(421,86,9,1,'2019-04-22 16:32:04','2019-04-22 17:37:11'),(422,89,9,1,'2019-04-22 16:32:04','2019-04-22 17:37:11'),(423,91,9,1,'2019-04-22 16:32:04','2019-04-22 17:37:11'),(424,93,9,1,'2019-04-22 16:32:04','2019-04-22 17:37:11'),(425,94,9,1,'2019-04-22 16:32:04','2019-04-22 17:37:11'),(426,95,9,1,'2019-04-22 16:32:04','2019-04-22 17:37:11'),(427,96,9,1,'2019-04-22 16:32:04','2019-04-22 17:37:11'),(428,31,1,1,'2019-04-22 16:33:34','2019-04-22 17:37:11'),(429,99,9,1,'2019-04-22 16:33:37','2019-04-22 17:37:11'),(430,100,9,1,'2019-04-22 16:33:37','2019-04-22 17:37:11'),(431,102,9,1,'2019-04-22 16:33:37','2019-04-22 17:37:11'),(432,109,9,1,'2019-04-22 16:33:37','2019-04-22 17:37:11'),(433,111,9,1,'2019-04-22 16:33:37','2019-04-22 17:37:11'),(434,112,9,1,'2019-04-22 16:33:37','2019-04-22 17:37:11'),(435,119,9,1,'2019-04-22 16:33:37','2019-04-22 17:37:11'),(436,121,9,1,'2019-04-22 16:33:37','2019-04-22 17:37:11'),(437,122,9,1,'2019-04-22 16:33:37','2019-04-22 17:37:11'),(438,126,9,1,'2019-04-22 16:33:37','2019-04-22 17:37:11'),(439,32,9,1,'2019-04-22 16:33:37','2019-04-22 17:37:11'),(440,25,9,1,'2019-04-22 16:33:37','2019-04-22 17:37:11'),(441,34,9,1,'2019-04-22 16:33:37','2019-04-22 17:37:11'),(442,37,9,1,'2019-04-22 16:33:37','2019-04-22 17:37:11'),(443,33,9,1,'2019-04-22 16:33:37','2019-04-22 17:37:11'),(444,34,9,1,'2019-04-22 16:33:37','2019-04-22 17:37:11'),(445,25,9,1,'2019-04-22 16:33:37','2019-04-22 17:37:11'),(446,33,9,1,'2019-04-22 16:33:37','2019-04-22 17:37:11'),(447,34,9,1,'2019-04-22 16:33:37','2019-04-22 17:37:11'),(448,36,9,1,'2019-04-22 16:33:37','2019-04-22 17:37:11'),(449,38,9,1,'2019-04-22 16:33:37','2019-04-22 17:37:11'),(450,40,9,1,'2019-04-22 16:33:37','2019-04-22 17:37:11'),(451,41,9,1,'2019-04-22 16:33:37','2019-04-22 17:37:11'),(452,43,9,1,'2019-04-22 16:33:37','2019-04-22 17:37:11'),(453,45,9,1,'2019-04-22 16:33:37','2019-04-22 17:37:11'),(454,46,9,1,'2019-04-22 16:33:37','2019-04-22 17:37:11'),(455,49,9,1,'2019-04-22 16:33:37','2019-04-22 17:37:11'),(456,52,9,1,'2019-04-22 16:33:37','2019-04-22 17:37:11'),(457,53,9,1,'2019-04-22 16:33:37','2019-04-22 17:37:11'),(458,55,9,1,'2019-04-22 16:33:37','2019-04-22 17:37:11'),(459,56,9,1,'2019-04-22 16:33:37','2019-04-22 17:37:11'),(460,57,9,1,'2019-04-22 16:33:37','2019-04-22 17:37:11'),(461,58,9,1,'2019-04-22 16:33:37','2019-04-22 17:37:11'),(462,65,9,1,'2019-04-22 16:33:37','2019-04-22 17:37:11'),(463,66,9,1,'2019-04-22 16:33:37','2019-04-22 17:37:11'),(464,68,9,1,'2019-04-22 16:33:38','2019-04-22 17:37:11'),(465,70,9,1,'2019-04-22 16:33:38','2019-04-22 17:37:11'),(466,72,9,1,'2019-04-22 16:33:38','2019-04-22 17:37:11'),(467,73,9,1,'2019-04-22 16:33:38','2019-04-22 17:37:11'),(468,77,9,1,'2019-04-22 16:33:38','2019-04-22 17:37:11'),(469,78,9,1,'2019-04-22 16:33:38','2019-04-22 17:37:11'),(470,80,9,1,'2019-04-22 16:33:38','2019-04-22 17:37:11'),(471,82,9,1,'2019-04-22 16:33:38','2019-04-22 17:37:11'),(472,84,9,1,'2019-04-22 16:33:38','2019-04-22 17:37:11'),(473,85,9,1,'2019-04-22 16:33:38','2019-04-22 17:37:11'),(474,87,9,1,'2019-04-22 16:33:38','2019-04-22 17:37:11'),(475,88,9,1,'2019-04-22 16:33:38','2019-04-22 17:37:11'),(476,90,9,1,'2019-04-22 16:33:38','2019-04-22 17:37:11'),(477,92,9,1,'2019-04-22 16:33:38','2019-04-22 17:37:11'),(478,97,9,1,'2019-04-22 16:33:38','2019-04-22 17:37:11'),(479,116,6,1,'2019-04-22 16:33:40','2019-04-22 17:37:11'),(480,59,6,1,'2019-04-22 16:33:40','2019-04-22 17:37:11'),(481,24,6,1,'2019-04-22 16:33:40','2019-04-22 17:37:11'),(482,75,0,1,'2019-04-22 16:33:53','2019-04-22 17:37:11'),(483,30,1,1,'2019-04-22 17:18:09','2019-04-22 17:37:11'),(484,47,1,1,'2019-04-22 17:18:09','2019-04-22 17:37:11'),(485,32,1,1,'2019-04-22 17:18:09','2019-04-22 17:37:11'),(486,28,1,1,'2019-04-22 17:18:10','2019-04-22 17:37:11'),(487,52,1,1,'2019-04-22 17:21:58','2019-04-22 17:37:11'),(488,71,1,1,'2019-04-22 17:21:58','2019-04-22 17:37:11'),(489,109,1,1,'2019-04-22 17:21:58','2019-04-22 17:37:11'),(490,42,1,1,'2019-04-23 10:02:36','2019-04-23 10:02:36'),(491,60,1,1,'2019-04-23 10:02:36','2019-04-23 10:02:36'),(492,62,1,1,'2019-04-23 10:02:36','2019-04-23 10:02:36'),(493,98,1,1,'2019-04-23 10:49:29','2019-04-23 10:49:29'),(494,91,1,1,'2019-04-23 10:49:29','2019-04-23 10:49:29'),(495,93,1,1,'2019-04-23 10:49:29','2019-04-23 10:49:29'),(496,109,2,1,'2019-04-23 11:03:20','2019-04-23 11:03:20'),(497,55,3,1,'2019-04-23 11:03:26','2019-04-23 11:03:26'),(498,32,5,1,'2019-04-23 11:03:29','2019-04-23 11:03:29'),(499,87,5,1,'2019-04-23 11:03:29','2019-04-23 11:03:29'),(500,27,6,1,'2019-04-23 11:03:32','2019-04-23 11:03:32'),(501,24,6,1,'2019-04-23 11:03:32','2019-04-23 11:03:32'),(502,112,6,1,'2019-04-23 11:03:32','2019-04-23 11:03:32'),(503,52,8,1,'2019-04-23 11:03:39','2019-04-23 11:03:39'),(504,29,8,1,'2019-04-23 11:03:39','2019-04-23 11:03:39'),(505,97,8,1,'2019-04-23 11:03:39','2019-04-23 11:03:39'),(506,116,8,1,'2019-04-23 11:03:41','2019-04-23 11:03:41'),(507,30,8,1,'2019-04-23 11:03:41','2019-04-23 11:03:41'),(508,32,8,1,'2019-04-23 11:03:41','2019-04-23 11:03:41'),(509,67,1,1,'2019-04-23 16:25:54','2019-04-23 16:25:54'),(510,117,7,1,'2019-04-23 16:26:12','2019-04-23 16:26:12'),(511,118,7,1,'2019-04-23 16:26:12','2019-04-23 16:26:12'),(512,25,7,1,'2019-04-23 16:26:12','2019-04-23 16:26:12'),(513,59,7,1,'2019-04-23 16:26:12','2019-04-23 16:26:12'),(514,81,2,1,'2019-04-23 16:26:26','2019-04-23 16:26:26');

/*Table structure for table `report` */

DROP TABLE IF EXISTS `report`;

CREATE TABLE `report` (
  `id` int(11) NOT NULL AUTO_INCREMENT COMMENT 'ID',
  `name` varchar(10) COLLATE utf8_bin NOT NULL DEFAULT '' COMMENT '举报人姓名',
  `phone` varchar(11) COLLATE utf8_bin NOT NULL DEFAULT '' COMMENT '举报人手机号',
  `be_reported_company_name` varchar(50) COLLATE utf8_bin NOT NULL DEFAULT '' COMMENT '被举报企业名称',
  `be_reported_name` varchar(10) COLLATE utf8_bin NOT NULL DEFAULT '' COMMENT '被举报者姓名',
  `be_reported_address` varchar(100) COLLATE utf8_bin NOT NULL DEFAULT '' COMMENT '被举报人地址',
  `economic_nature` varchar(255) COLLATE utf8_bin NOT NULL DEFAULT '' COMMENT '经济性质',
  `prove_information` varchar(255) COLLATE utf8_bin NOT NULL DEFAULT '' COMMENT '证明信息',
  `content` varchar(511) COLLATE utf8_bin NOT NULL DEFAULT '' COMMENT '举报内容',
  `img_url` varchar(255) COLLATE utf8_bin NOT NULL DEFAULT '' COMMENT '图片地址',
  `create_time` timestamp NOT NULL DEFAULT CURRENT_TIMESTAMP COMMENT '创建时间',
  `update_time` timestamp NOT NULL DEFAULT CURRENT_TIMESTAMP ON UPDATE CURRENT_TIMESTAMP COMMENT '更新时间',
  PRIMARY KEY (`id`)
) ENGINE=InnoDB AUTO_INCREMENT=4 DEFAULT CHARSET=utf8 COLLATE=utf8_bin;

/*Data for the table `report` */

insert  into `report`(`id`,`name`,`phone`,`be_reported_company_name`,`be_reported_name`,`be_reported_address`,`economic_nature`,`prove_information`,`content`,`img_url`,`create_time`,`update_time`) values (1,'pony','15555555555','腾讯','麻花疼','深圳','aaa','img','啊啊啊啊啊啊啊啊啊啊啊','','2019-04-10 11:47:10','2019-04-10 11:47:10'),(3,'2333','13165373280','士大夫','33','警韵之家A7','股东分红','复试办法给','33224','http://www.yzkpyx.net/web/images/banner_4.jpg','2019-04-19 15:10:32','2019-04-19 15:10:42');

/*Table structure for table `selection` */

DROP TABLE IF EXISTS `selection`;

CREATE TABLE `selection` (
  `id` int(11) NOT NULL AUTO_INCREMENT COMMENT 'ID',
  `invoice_id` int(11) NOT NULL COMMENT '发票ID',
  `number` int(11) NOT NULL COMMENT '期数',
  `state` tinyint(2) NOT NULL DEFAULT '0' COMMENT '状态',
  `create_time` timestamp NOT NULL DEFAULT CURRENT_TIMESTAMP COMMENT '创建时间',
  `update_time` timestamp NOT NULL DEFAULT CURRENT_TIMESTAMP ON UPDATE CURRENT_TIMESTAMP COMMENT '更新时间',
  PRIMARY KEY (`id`)
) ENGINE=InnoDB AUTO_INCREMENT=528 DEFAULT CHARSET=utf8 COLLATE=utf8_bin;

/*Data for the table `selection` */

insert  into `selection`(`id`,`invoice_id`,`number`,`state`,`create_time`,`update_time`) values (472,113,1,1,'2019-04-25 19:32:31','2019-04-25 19:32:31'),(473,120,1,1,'2019-04-25 19:32:31','2019-04-25 19:32:31'),(474,108,2,1,'2019-04-25 19:32:35','2019-04-25 19:32:35'),(475,110,2,1,'2019-04-25 19:32:35','2019-04-25 19:32:35'),(476,114,3,1,'2019-04-25 19:32:40','2019-04-25 19:32:40'),(477,117,3,1,'2019-04-25 19:32:40','2019-04-25 19:32:40'),(478,116,4,1,'2019-04-25 19:32:45','2019-04-25 19:32:45'),(479,124,4,1,'2019-04-25 19:32:45','2019-04-25 19:32:45'),(480,119,5,1,'2019-04-25 19:32:50','2019-04-25 19:32:50'),(481,123,5,1,'2019-04-25 19:32:50','2019-04-25 19:32:50'),(482,121,6,1,'2019-04-25 19:32:59','2019-04-25 19:32:58'),(483,125,6,1,'2019-04-25 19:32:59','2019-04-25 19:32:58'),(484,127,6,1,'2019-04-25 19:32:59','2019-04-25 19:32:58'),(485,118,6,1,'2019-04-25 19:33:14','2019-04-25 19:33:13'),(486,126,6,1,'2019-04-25 19:33:14','2019-04-25 19:33:13'),(487,112,7,1,'2019-04-25 19:33:36','2019-04-25 19:33:36'),(488,115,7,1,'2019-04-25 19:33:36','2019-04-25 19:33:36'),(489,122,7,1,'2019-04-25 19:33:44','2019-04-25 19:33:44'),(490,111,7,1,'2019-04-25 19:39:22','2019-04-25 19:39:21'),(491,109,7,1,'2019-04-25 19:39:53','2019-04-25 19:39:53'),(492,124,7,1,'2019-04-26 09:24:43','2019-04-26 09:24:43'),(493,127,7,1,'2019-04-26 09:24:43','2019-04-26 09:24:43'),(494,108,7,1,'2019-04-26 09:24:55','2019-04-26 09:24:54'),(495,111,7,1,'2019-04-26 09:28:35','2019-04-26 09:28:35'),(496,121,7,1,'2019-04-26 09:32:16','2019-04-26 09:32:15'),(497,118,7,1,'2019-04-26 09:32:45','2019-04-26 09:32:45'),(498,126,7,1,'2019-04-26 09:33:41','2019-04-26 09:33:41'),(499,120,7,1,'2019-04-26 09:34:36','2019-04-26 09:34:35'),(500,113,7,1,'2019-04-26 09:35:11','2019-04-26 09:35:10'),(501,116,7,1,'2019-04-26 09:36:04','2019-04-26 09:36:03'),(502,114,7,1,'2019-04-26 10:25:18','2019-04-26 10:25:18'),(503,115,7,1,'2019-04-26 10:25:19','2019-04-26 10:25:18'),(504,125,7,1,'2019-04-26 10:25:19','2019-04-26 10:25:18'),(505,110,7,1,'2019-04-26 10:25:19','2019-04-26 10:25:18'),(506,74,8,1,'2019-04-26 10:35:50','2019-04-26 10:35:50'),(507,125,8,1,'2019-04-26 10:35:50','2019-04-26 10:35:50'),(508,117,9,1,'2019-04-26 10:40:00','2019-04-26 10:40:00'),(509,31,9,1,'2019-04-26 10:40:00','2019-04-26 10:40:00'),(510,23,10,1,'2019-04-26 10:50:00','2019-04-26 10:50:00'),(511,59,10,1,'2019-04-26 10:50:00','2019-04-26 10:50:00'),(512,39,11,1,'2019-04-26 10:51:34','2019-04-26 10:51:34'),(513,60,11,1,'2019-04-26 10:51:34','2019-04-26 10:51:34'),(514,81,12,1,'2019-04-26 11:29:30','2019-04-26 11:29:30'),(515,72,12,1,'2019-04-26 11:29:30','2019-04-26 11:29:30'),(516,51,13,1,'2019-04-26 14:00:00','2019-04-26 14:00:00'),(517,127,13,1,'2019-04-26 14:00:00','2019-04-26 14:00:00'),(518,122,14,1,'2019-04-30 10:00:02','2019-04-30 10:00:02'),(519,75,14,1,'2019-04-30 10:00:02','2019-04-30 10:00:02'),(520,41,15,1,'2019-05-07 10:00:02','2019-05-07 10:00:02'),(521,43,15,1,'2019-05-07 10:00:02','2019-05-07 10:00:02'),(522,52,16,1,'2019-05-23 16:32:52','2019-05-23 16:32:52'),(523,120,16,1,'2019-05-23 16:33:00','2019-05-23 16:33:00'),(524,56,17,1,'2019-05-23 16:37:21','2019-05-23 16:37:21'),(525,40,17,1,'2019-05-23 16:37:21','2019-05-23 16:37:21'),(526,128,18,1,'2019-05-23 16:38:52','2019-05-23 16:38:52'),(527,129,18,1,'2019-05-23 16:38:52','2019-05-23 16:38:52');

/*Table structure for table `sys_dept` */

DROP TABLE IF EXISTS `sys_dept`;

CREATE TABLE `sys_dept` (
  `id` int(11) NOT NULL AUTO_INCREMENT COMMENT '主键id',
  `num` int(11) DEFAULT NULL COMMENT '排序',
  `pid` int(11) DEFAULT NULL COMMENT '父部门id',
  `pids` varchar(255) DEFAULT NULL COMMENT '父级ids',
  `simplename` varchar(45) DEFAULT NULL COMMENT '简称',
  `fullname` varchar(255) DEFAULT NULL COMMENT '全称',
  `tips` varchar(255) DEFAULT NULL COMMENT '提示',
  `version` int(11) DEFAULT NULL COMMENT '版本（乐观锁保留字段）',
  PRIMARY KEY (`id`)
) ENGINE=InnoDB AUTO_INCREMENT=28 DEFAULT CHARSET=utf8 COMMENT='部门表';

/*Data for the table `sys_dept` */

insert  into `sys_dept`(`id`,`num`,`pid`,`pids`,`simplename`,`fullname`,`tips`,`version`) values (25,2,24,'[0],[24],','开发部','开发部','',NULL),(26,3,24,'[0],[24],','运营部','运营部','',NULL),(27,4,24,'[0],[24],','战略部','战略部','',NULL);

/*Table structure for table `sys_dict` */

DROP TABLE IF EXISTS `sys_dict`;

CREATE TABLE `sys_dict` (
  `id` int(11) unsigned NOT NULL AUTO_INCREMENT COMMENT '主键id',
  `num` int(11) DEFAULT NULL COMMENT '排序',
  `pid` int(11) DEFAULT NULL COMMENT '父级字典',
  `name` varchar(255) DEFAULT NULL COMMENT '名称',
  `tips` varchar(255) DEFAULT NULL COMMENT '提示',
  `code` varchar(255) DEFAULT NULL COMMENT '值',
  PRIMARY KEY (`id`) USING BTREE
) ENGINE=InnoDB AUTO_INCREMENT=131 DEFAULT CHARSET=utf8 ROW_FORMAT=DYNAMIC COMMENT='字典表';

/*Data for the table `sys_dict` */

insert  into `sys_dict`(`id`,`num`,`pid`,`name`,`tips`,`code`) values (50,0,0,'性别',NULL,'sys_sex'),(51,1,50,'男',NULL,'1'),(52,2,50,'女',NULL,'2'),(53,0,0,'状态',NULL,'sys_state'),(54,1,53,'启用',NULL,'1'),(55,2,53,'禁用',NULL,'2'),(56,0,0,'账号状态',NULL,'account_state'),(57,1,56,'启用',NULL,'1'),(58,2,56,'冻结',NULL,'2'),(59,3,56,'已删除',NULL,'3'),(75,0,0,'发票状态','','invoice_type'),(76,0,75,'无效',NULL,'0'),(77,1,75,'有效',NULL,'1'),(109,0,0,'中奖类型','','prize_type'),(110,0,109,'场内特等奖（50000）',NULL,'0'),(111,1,109,'场内一等奖（6000）',NULL,'1'),(112,2,109,'场内二等奖（4000）',NULL,'2'),(113,3,109,'场内三等奖（2000）',NULL,'3'),(114,4,109,'场内四等奖（1000）',NULL,'4'),(115,5,109,'场内四等奖（800）',NULL,'5'),(116,6,109,'场内四等奖（600）',NULL,'6'),(117,7,109,'场内四等奖（400）',NULL,'7'),(118,8,109,'场内幸运奖（1000）',NULL,'8'),(119,9,109,'场内入围奖（100）',NULL,'9'),(120,10,109,'场外一等奖（6000）',NULL,'10'),(121,11,109,'场外二等奖（4000）',NULL,'11'),(122,12,109,'场外三等奖（2000）',NULL,'12'),(123,13,109,'场外参与奖（100）',NULL,'13'),(124,0,0,'文章类型','','article_type'),(125,0,124,'开奖公告',NULL,'0'),(126,1,124,'政策法规',NULL,'1'),(127,2,124,'新闻资讯',NULL,'2'),(128,3,124,'常见问题',NULL,'3'),(129,4,124,'通知公告',NULL,'4'),(130,5,124,'入围名单',NULL,'5');

/*Table structure for table `sys_expense` */

DROP TABLE IF EXISTS `sys_expense`;

CREATE TABLE `sys_expense` (
  `id` int(11) NOT NULL AUTO_INCREMENT,
  `money` decimal(20,2) DEFAULT NULL COMMENT '报销金额',
  `desc` varchar(255) DEFAULT '' COMMENT '描述',
  `createtime` datetime DEFAULT NULL COMMENT '创建时间',
  `state` int(11) DEFAULT NULL COMMENT '状态: 1.待提交  2:待审核   3.审核通过 4:驳回',
  `userid` int(11) DEFAULT NULL COMMENT '用户id',
  `processId` varchar(255) DEFAULT NULL COMMENT '流程定义id',
  PRIMARY KEY (`id`)
) ENGINE=InnoDB DEFAULT CHARSET=utf8 COMMENT='报销表';

/*Data for the table `sys_expense` */

/*Table structure for table `sys_login_log` */

DROP TABLE IF EXISTS `sys_login_log`;

CREATE TABLE `sys_login_log` (
  `id` int(65) NOT NULL AUTO_INCREMENT COMMENT '主键',
  `logname` varchar(255) DEFAULT NULL COMMENT '日志名称',
  `userid` int(65) DEFAULT NULL COMMENT '管理员id',
  `createtime` datetime DEFAULT NULL COMMENT '创建时间',
  `succeed` varchar(255) DEFAULT NULL COMMENT '是否执行成功',
  `message` text COMMENT '具体消息',
  `ip` varchar(255) DEFAULT NULL COMMENT '登录ip',
  PRIMARY KEY (`id`)
) ENGINE=InnoDB AUTO_INCREMENT=12 DEFAULT CHARSET=utf8 COMMENT='登录记录';

/*Data for the table `sys_login_log` */

insert  into `sys_login_log`(`id`,`logname`,`userid`,`createtime`,`succeed`,`message`,`ip`) values (1,'登录日志',1,'2019-04-11 10:13:28','成功',NULL,'0:0:0:0:0:0:0:1'),(2,'登录失败日志',NULL,'2019-04-18 11:06:28','成功','账号:18000000000,账号密码错误','0:0:0:0:0:0:0:1'),(3,'登录失败日志',NULL,'2019-04-18 11:06:33','成功','账号:18000000000,账号密码错误','0:0:0:0:0:0:0:1'),(4,'登录失败日志',NULL,'2019-04-18 11:06:37','成功','账号:admin,账号密码错误','0:0:0:0:0:0:0:1'),(5,'登录日志',1,'2019-04-18 11:06:44','成功',NULL,'0:0:0:0:0:0:0:1'),(6,'退出日志',1,'2019-04-19 09:40:11','成功',NULL,'0:0:0:0:0:0:0:1'),(7,'登录日志',1,'2019-04-19 09:42:33','成功',NULL,'0:0:0:0:0:0:0:1'),(8,'登录日志',1,'2019-04-26 10:21:12','成功',NULL,'0:0:0:0:0:0:0:1'),(9,'登录日志',1,'2019-04-26 17:22:09','成功',NULL,'192.168.0.100'),(10,'登录日志',1,'2019-04-30 09:30:23','成功',NULL,'0:0:0:0:0:0:0:1'),(11,'登录日志',1,'2019-05-05 11:53:02','成功',NULL,'0:0:0:0:0:0:0:1');

/*Table structure for table `sys_menu` */

DROP TABLE IF EXISTS `sys_menu`;

CREATE TABLE `sys_menu` (
  `id` bigint(20) NOT NULL AUTO_INCREMENT COMMENT '主键id',
  `code` varchar(255) DEFAULT NULL COMMENT '菜单编号',
  `pcode` varchar(255) DEFAULT NULL COMMENT '菜单父编号',
  `pcodes` varchar(255) DEFAULT NULL COMMENT '当前菜单的所有父菜单编号',
  `name` varchar(255) DEFAULT NULL COMMENT '菜单名称',
  `icon` varchar(255) DEFAULT NULL COMMENT '菜单图标',
  `url` varchar(255) DEFAULT NULL COMMENT 'url地址',
  `num` int(65) DEFAULT NULL COMMENT '菜单排序号',
  `levels` int(65) DEFAULT NULL COMMENT '菜单层级',
  `ismenu` int(11) DEFAULT NULL COMMENT '是否是菜单（1：是  0：不是）',
  `tips` varchar(255) DEFAULT NULL COMMENT '备注',
  `status` int(65) DEFAULT NULL COMMENT '菜单状态 :  1:启用   0:不启用',
  `isopen` int(11) DEFAULT NULL COMMENT '是否打开:    1:打开   0:不打开',
  PRIMARY KEY (`id`)
) ENGINE=InnoDB AUTO_INCREMENT=228 DEFAULT CHARSET=utf8 COMMENT='菜单表';

/*Data for the table `sys_menu` */

insert  into `sys_menu`(`id`,`code`,`pcode`,`pcodes`,`name`,`icon`,`url`,`num`,`levels`,`ismenu`,`tips`,`status`,`isopen`) values (105,'system','0','[0],','系统管理','fa-user','#',4,1,1,NULL,1,1),(106,'mgr','system','[0],[system],','用户管理','','/mgr',1,2,1,NULL,1,0),(107,'mgr_add','mgr','[0],[system],[mgr],','添加用户',NULL,'/mgr/add',1,3,0,NULL,1,0),(108,'mgr_edit','mgr','[0],[system],[mgr],','修改用户',NULL,'/mgr/edit',2,3,0,NULL,1,0),(109,'mgr_delete','mgr','[0],[system],[mgr],','删除用户',NULL,'/mgr/delete',3,3,0,NULL,1,0),(110,'mgr_reset','mgr','[0],[system],[mgr],','重置密码',NULL,'/mgr/reset',4,3,0,NULL,1,0),(111,'mgr_freeze','mgr','[0],[system],[mgr],','冻结用户',NULL,'/mgr/freeze',5,3,0,NULL,1,0),(112,'mgr_unfreeze','mgr','[0],[system],[mgr],','解除冻结用户',NULL,'/mgr/unfreeze',6,3,0,NULL,1,0),(113,'mgr_setRole','mgr','[0],[system],[mgr],','分配角色',NULL,'/mgr/setRole',7,3,0,NULL,1,0),(114,'role','system','[0],[system],','角色管理',NULL,'/role',2,2,1,NULL,1,0),(115,'role_add','role','[0],[system],[role],','添加角色',NULL,'/role/add',1,3,0,NULL,1,0),(116,'role_edit','role','[0],[system],[role],','修改角色',NULL,'/role/edit',2,3,0,NULL,1,0),(117,'role_remove','role','[0],[system],[role],','删除角色',NULL,'/role/remove',3,3,0,NULL,1,0),(118,'role_setAuthority','role','[0],[system],[role],','配置权限',NULL,'/role/setAuthority',4,3,0,NULL,1,0),(119,'menu','system','[0],[system],','菜单管理',NULL,'/menu',4,2,1,NULL,1,0),(120,'menu_add','menu','[0],[system],[menu],','添加菜单',NULL,'/menu/add',1,3,0,NULL,1,0),(121,'menu_edit','menu','[0],[system],[menu],','修改菜单',NULL,'/menu/edit',2,3,0,NULL,1,0),(122,'menu_remove','menu','[0],[system],[menu],','删除菜单',NULL,'/menu/remove',3,3,0,NULL,1,0),(128,'log','system','[0],[system],','业务日志',NULL,'/log',6,2,1,NULL,1,0),(130,'druid','system','[0],[system],','监控管理',NULL,'/druid',7,2,1,NULL,1,NULL),(131,'dept','system','[0],[system],','部门管理',NULL,'/dept',3,2,1,NULL,1,NULL),(132,'dict','system','[0],[system],','字典管理',NULL,'/dict',4,2,1,NULL,1,NULL),(133,'loginLog','system','[0],[system],','登录日志',NULL,'/loginLog',6,2,1,NULL,1,NULL),(134,'log_clean','log','[0],[system],[log],','清空日志',NULL,'/log/delLog',3,3,0,NULL,1,NULL),(135,'dept_add','dept','[0],[system],[dept],','添加部门',NULL,'/dept/add',1,3,0,NULL,1,NULL),(136,'dept_update','dept','[0],[system],[dept],','修改部门',NULL,'/dept/update',1,3,0,NULL,1,NULL),(137,'dept_delete','dept','[0],[system],[dept],','删除部门',NULL,'/dept/delete',1,3,0,NULL,1,NULL),(138,'dict_add','dict','[0],[system],[dict],','添加字典',NULL,'/dict/add',1,3,0,NULL,1,NULL),(139,'dict_update','dict','[0],[system],[dict],','修改字典',NULL,'/dict/update',1,3,0,NULL,1,NULL),(140,'dict_delete','dict','[0],[system],[dict],','删除字典',NULL,'/dict/delete',1,3,0,NULL,1,NULL),(141,'notice','system','[0],[system],','通知管理',NULL,'/notice',9,2,1,NULL,1,NULL),(142,'notice_add','notice','[0],[system],[notice],','添加通知',NULL,'/notice/add',1,3,0,NULL,1,NULL),(143,'notice_update','notice','[0],[system],[notice],','修改通知',NULL,'/notice/update',2,3,0,NULL,1,NULL),(144,'notice_delete','notice','[0],[system],[notice],','删除通知',NULL,'/notice/delete',3,3,0,NULL,1,NULL),(145,'hello','0','[0],','通知','fa-rocket','/notice/hello',1,1,1,NULL,1,NULL),(148,'code','0','[0],','代码生成','fa-code','/code',3,1,1,NULL,1,NULL),(149,'api_mgr','0','[0],','接口文档','fa-leaf','/swagger-ui.html',2,1,1,NULL,1,NULL),(150,'to_menu_edit','menu','[0],[system],[menu],','菜单编辑跳转','','/menu/menu_edit',4,3,0,NULL,1,NULL),(151,'menu_list','menu','[0],[system],[menu],','菜单列表','','/menu/list',5,3,0,NULL,1,NULL),(152,'to_dept_update','dept','[0],[system],[dept],','修改部门跳转','','/dept/dept_update',4,3,0,NULL,1,NULL),(153,'dept_list','dept','[0],[system],[dept],','部门列表','','/dept/list',5,3,0,NULL,1,NULL),(154,'dept_detail','dept','[0],[system],[dept],','部门详情','','/dept/detail',6,3,0,NULL,1,NULL),(155,'to_dict_edit','dict','[0],[system],[dict],','修改菜单跳转','','/dict/dict_edit',4,3,0,NULL,1,NULL),(156,'dict_list','dict','[0],[system],[dict],','字典列表','','/dict/list',5,3,0,NULL,1,NULL),(157,'dict_detail','dict','[0],[system],[dict],','字典详情','','/dict/detail',6,3,0,NULL,1,NULL),(158,'log_list','log','[0],[system],[log],','日志列表','','/log/list',2,3,0,NULL,1,NULL),(159,'log_detail','log','[0],[system],[log],','日志详情','','/log/detail',3,3,0,NULL,1,NULL),(160,'del_login_log','loginLog','[0],[system],[loginLog],','清空登录日志','','/loginLog/delLoginLog',1,3,0,NULL,1,NULL),(161,'login_log_list','loginLog','[0],[system],[loginLog],','登录日志列表','','/loginLog/list',2,3,0,NULL,1,NULL),(162,'to_role_edit','role','[0],[system],[role],','修改角色跳转','','/role/role_edit',5,3,0,NULL,1,NULL),(163,'to_role_assign','role','[0],[system],[role],','角色分配跳转','','/role/role_assign',6,3,0,NULL,1,NULL),(164,'role_list','role','[0],[system],[role],','角色列表','','/role/list',7,3,0,NULL,1,NULL),(165,'to_assign_role','mgr','[0],[system],[mgr],','分配角色跳转','','/mgr/role_assign',8,3,0,NULL,1,NULL),(166,'to_user_edit','mgr','[0],[system],[mgr],','编辑用户跳转','','/mgr/user_edit',9,3,0,NULL,1,NULL),(167,'mgr_list','mgr','[0],[system],[mgr],','用户列表','','/mgr/list',10,3,0,NULL,1,NULL),(171,'articleManager','0','[0],','文章管理','fa-book','/',5,1,1,NULL,1,NULL),(172,'article','articleManager','[0],[articleManager],','文章管理','','/article',99,2,1,NULL,1,0),(173,'article_list','article','[0],[articleManager],[article],','文章管理列表','','/article/list',99,3,0,NULL,1,0),(174,'article_add','article','[0],[articleManager],[article],','文章管理添加','','/article/add',99,3,0,NULL,1,0),(175,'article_update','article','[0],[articleManager],[article],','文章管理更新','','/article/update',99,3,0,NULL,1,0),(176,'article_delete','article','[0],[articleManager],[article],','文章管理删除','','/article/delete',99,3,0,NULL,1,0),(177,'article_detail','article','[0],[articleManager],[article],','文章管理详情','','/article/detail',99,3,0,NULL,1,0),(178,'systemManager','0','[0],','系统设置','fa-cog','/',99,1,1,NULL,1,NULL),(179,'banner','systemManager','[0],[systemManager],','Banner管理','','/banner',99,2,1,NULL,1,0),(180,'banner_list','banner','[0],[systemManager],[banner],','Banner管理列表','','/banner/list',99,3,0,NULL,1,0),(181,'banner_add','banner','[0],[systemManager],[banner],','Banner管理添加','','/banner/add',99,3,0,NULL,1,0),(182,'banner_update','banner','[0],[systemManager],[banner],','Banner管理更新','','/banner/update',99,3,0,NULL,1,0),(183,'banner_delete','banner','[0],[systemManager],[banner],','Banner管理删除','','/banner/delete',99,3,0,NULL,1,0),(184,'banner_detail','banner','[0],[systemManager],[banner],','Banner管理详情','','/banner/detail',99,3,0,NULL,1,0),(185,'invoiceManager','0','[0],','发票管理','fa-jpy','/',6,1,1,NULL,1,NULL),(186,'invoice','invoiceManager','[0],[invoiceManager],','发票记录','','/invoice',1,2,1,NULL,1,0),(187,'invoice_list','invoice','[0],[invoiceManager],[invoice],','发票记录列表','','/invoice/list',99,3,0,NULL,1,0),(188,'invoice_add','invoice','[0],[invoiceManager],[invoice],','发票记录添加','','/invoice/add',99,3,0,NULL,1,0),(189,'invoice_update','invoice','[0],[invoiceManager],[invoice],','发票记录更新','','/invoice/update',99,3,0,NULL,1,0),(190,'invoice_delete','invoice','[0],[invoiceManager],[invoice],','发票记录删除','','/invoice/delete',99,3,0,NULL,1,0),(191,'invoice_detail','invoice','[0],[invoiceManager],[invoice],','发票记录详情','','/invoice/detail',99,3,0,NULL,1,0),(192,'prize','invoiceManager','[0],[invoiceManager],','中奖记录','','/prize',2,2,1,NULL,1,0),(193,'prize_list','prize','[0],[invoiceManager],[prize],','中奖记录列表','','/prize/list',99,3,0,NULL,1,0),(194,'prize_add','prize','[0],[invoiceManager],[prize],','中奖记录添加','','/prize/add',99,3,0,NULL,1,0),(195,'prize_update','prize','[0],[invoiceManager],[prize],','中奖记录更新','','/prize/update',99,3,0,NULL,1,0),(196,'prize_delete','prize','[0],[invoiceManager],[prize],','中奖记录删除','','/prize/delete',99,3,0,NULL,1,0),(197,'prize_detail','prize','[0],[invoiceManager],[prize],','中奖记录详情','','/prize/detail',99,3,0,NULL,1,0),(198,'report','0','[0],','涉税举报列表','fa-hand-o-up ','/report',98,1,1,NULL,1,0),(199,'report_list','report','[0],[report],','涉税举报列表','','/report/list',99,2,0,NULL,1,0),(200,'report_add','report','[0],[report],','涉税举报添加','','/report/add',99,2,0,NULL,1,0),(201,'report_update','report','[0],[report],','涉税举报更新','','/report/update',99,2,0,NULL,1,0),(202,'report_delete','report','[0],[report],','涉税举报删除','','/report/delete',99,2,0,NULL,1,0),(203,'report_detail','report','[0],[report],','涉税举报详情','','/report/detail',99,2,0,NULL,1,0),(204,'videos','systemManager','[0],[systemManager],','视频管理','','/videos',99,2,1,NULL,1,0),(205,'videos_list','videos','[0],[systemManager],[videos],','视频管理列表','','/videos/list',99,3,0,NULL,1,0),(206,'videos_add','videos','[0],[systemManager],[videos],','视频管理添加','','/videos/add',99,3,0,NULL,1,0),(207,'videos_update','videos','[0],[systemManager],[videos],','视频管理更新','','/videos/update',99,3,0,NULL,1,0),(208,'videos_delete','videos','[0],[systemManager],[videos],','视频管理删除','','/videos/delete',99,3,0,NULL,1,0),(209,'videos_detail','videos','[0],[systemManager],[videos],','视频管理详情','','/videos/detail',99,3,0,NULL,1,0),(210,'friendshipLink','systemManager','[0],[systemManager],','友情链接管理','','/friendshipLink',99,2,1,NULL,1,0),(211,'friendshipLink_list','friendshipLink','[0],[systemManager],[friendshipLink],','友情链接管理列表','','/friendshipLink/list',99,3,0,NULL,1,0),(212,'friendshipLink_add','friendshipLink','[0],[systemManager],[friendshipLink],','友情链接管理添加','','/friendshipLink/add',99,3,0,NULL,1,0),(213,'friendshipLink_update','friendshipLink','[0],[systemManager],[friendshipLink],','友情链接管理更新','','/friendshipLink/update',99,3,0,NULL,1,0),(214,'friendshipLink_delete','friendshipLink','[0],[systemManager],[friendshipLink],','友情链接管理删除','','/friendshipLink/delete',99,3,0,NULL,1,0),(215,'friendshipLink_detail','friendshipLink','[0],[systemManager],[friendshipLink],','友情链接管理详情','','/friendshipLink/detail',99,3,0,NULL,1,0),(216,'selection','invoiceManager','[0],[invoiceManager],','入围名单','','/selection',99,2,1,NULL,1,0),(217,'selection_list','selection','[0],[invoiceManager],[selection],','入围名单列表','','/selection/list',99,3,0,NULL,1,0),(218,'selection_add','selection','[0],[invoiceManager],[selection],','入围名单添加','','/selection/add',99,3,0,NULL,1,0),(219,'selection_update','selection','[0],[invoiceManager],[selection],','入围名单更新','','/selection/update',99,3,0,NULL,1,0),(220,'selection_delete','selection','[0],[invoiceManager],[selection],','入围名单删除','','/selection/delete',99,3,0,NULL,1,0),(221,'selection_detail','selection','[0],[invoiceManager],[selection],','入围名单详情','','/selection/detail',99,3,0,NULL,1,0),(222,'sysparam','systemManager','[0],[systemManager],','系统参数配置','','/sysparam',99,2,1,NULL,1,0),(223,'sysparam_list','sysparam','[0],[systemManager],[sysparam],','系统参数配置列表','','/sysparam/list',99,3,0,NULL,1,0),(224,'sysparam_add','sysparam','[0],[systemManager],[sysparam],','系统参数配置添加','','/sysparam/add',99,3,0,NULL,1,0),(225,'sysparam_update','sysparam','[0],[systemManager],[sysparam],','系统参数配置更新','','/sysparam/update',99,3,0,NULL,1,0),(226,'sysparam_delete','sysparam','[0],[systemManager],[sysparam],','系统参数配置删除','','/sysparam/delete',99,3,0,NULL,1,0),(227,'sysparam_detail','sysparam','[0],[systemManager],[sysparam],','系统参数配置详情','','/sysparam/detail',99,3,0,NULL,1,0);

/*Table structure for table `sys_notice` */

DROP TABLE IF EXISTS `sys_notice`;

CREATE TABLE `sys_notice` (
  `id` int(11) NOT NULL AUTO_INCREMENT COMMENT '主键',
  `title` varchar(255) DEFAULT NULL COMMENT '标题',
  `type` int(11) DEFAULT NULL COMMENT '类型',
  `content` text COMMENT '内容',
  `createtime` datetime DEFAULT NULL COMMENT '创建时间',
  `creater` int(11) DEFAULT NULL COMMENT '创建人',
  PRIMARY KEY (`id`)
) ENGINE=InnoDB AUTO_INCREMENT=9 DEFAULT CHARSET=utf8 COMMENT='通知表';

/*Data for the table `sys_notice` */

insert  into `sys_notice`(`id`,`title`,`type`,`content`,`createtime`,`creater`) values (6,'世界',10,'欢迎使用Guns管理系统','2017-01-11 08:53:20',1),(8,'你好',NULL,'你好','2017-05-10 19:28:57',1);

/*Table structure for table `sys_operation_log` */

DROP TABLE IF EXISTS `sys_operation_log`;

CREATE TABLE `sys_operation_log` (
  `id` int(65) NOT NULL AUTO_INCREMENT COMMENT '主键',
  `logtype` varchar(255) DEFAULT NULL COMMENT '日志类型',
  `logname` varchar(255) DEFAULT NULL COMMENT '日志名称',
  `userid` int(65) DEFAULT NULL COMMENT '用户id',
  `classname` varchar(255) DEFAULT NULL COMMENT '类名称',
  `method` text COMMENT '方法名称',
  `createtime` datetime DEFAULT NULL COMMENT '创建时间',
  `succeed` varchar(255) DEFAULT NULL COMMENT '是否成功',
  `message` text COMMENT '备注',
  PRIMARY KEY (`id`)
) ENGINE=InnoDB AUTO_INCREMENT=14 DEFAULT CHARSET=utf8 COMMENT='操作日志';

/*Data for the table `sys_operation_log` */

insert  into `sys_operation_log`(`id`,`logtype`,`logname`,`userid`,`classname`,`method`,`createtime`,`succeed`,`message`) values (1,'业务日志','配置权限',1,'cn.stylefeng.guns.modular.system.controller.RoleController','setAuthority','2019-04-24 16:29:28','成功','角色名称=超级管理员,资源名称=系统管理,用户管理,添加用户,修改用户,删除用户,重置密码,冻结用户,解除冻结用户,分配角色,分配角色跳转,编辑用户跳转,用户列表,角色管理,添加角色,修改角色,删除角色,配置权限,修改角色跳转,角色分配跳转,角色列表,菜单管理,添加菜单,修改菜单,删除菜单,菜单编辑跳转,菜单列表,业务日志,清空日志,日志列表,日志详情,监控管理,部门管理,添加部门,修改部门,删除部门,修改部门跳转,部门列表,部门详情,字典管理,添加字典,修改字典,删除字典,修改菜单跳转,字典列表,字典详情,登录日志,清空登录日志,登录日志列表,通知管理,添加通知,修改通知,删除通知,通知,代码生成,接口文档,文章管理,文章管理,文章管理列表,文章管理添加,文章管理更新,文章管理删除,文章管理详情,系统设置,Banner管理,Banner管理列表,Banner管理添加,Banner管理更新,Banner管理删除,Banner管理详情,视频管理,视频管理列表,视频管理添加,视频管理更新,视频管理删除,视频管理详情,友情链接管理,友情链接管理列表,友情链接管理添加,友情链接管理更新,友情链接管理删除,友情链接管理详情,系统参数配置,系统参数配置列表,系统参数配置添加,系统参数配置更新,系统参数配置删除,系统参数配置详情,发票管理,发票记录,发票记录列表,发票记录添加,发票记录更新,发票记录删除,发票记录详情,中奖记录,中奖记录列表,中奖记录添加,中奖记录更新,中奖记录删除,中奖记录详情,入围名单,入围名单列表,入围名单添加,入围名单更新,入围名单删除,入围名单详情,涉税举报列表,涉税举报列表,涉税举报添加,涉税举报更新,涉税举报删除,涉税举报详情'),(2,'异常日志','',1,NULL,NULL,'2019-04-25 17:55:50','失败','java.lang.NullPointerException\r\n	at cn.stylefeng.guns.modular.invoice.service.impl.InvoiceServiceImpl.draw(InvoiceServiceImpl.java:58)\r\n	at cn.stylefeng.guns.modular.invoice.service.impl.InvoiceServiceImplTTFastClassBySpringCGLIBTTa17783e5.invoke(<generated>)\r\n	at org.springframework.cglib.proxy.MethodProxy.invoke(MethodProxy.java:204)\r\n	at org.springframework.aop.framework.CglibAopProxyTCglibMethodInvocation.invokeJoinpoint(CglibAopProxy.java:747)\r\n	at org.springframework.aop.framework.ReflectiveMethodInvocation.proceed(ReflectiveMethodInvocation.java:163)\r\n	at com.alibaba.druid.support.spring.stat.DruidStatInterceptor.invoke(DruidStatInterceptor.java:72)\r\n	at org.springframework.aop.framework.ReflectiveMethodInvocation.proceed(ReflectiveMethodInvocation.java:185)\r\n	at org.springframework.aop.framework.CglibAopProxyTDynamicAdvisedInterceptor.intercept(CglibAopProxy.java:689)\r\n	at cn.stylefeng.guns.modular.invoice.service.impl.InvoiceServiceImplTTEnhancerBySpringCGLIBTTb5528770.draw(<generated>)\r\n	at cn.stylefeng.guns.modular.invoice.controller.InvoiceController.draw(InvoiceController.java:118)\r\n	at cn.stylefeng.guns.modular.invoice.controller.InvoiceControllerTTFastClassBySpringCGLIBTT24cd054f.invoke(<generated>)\r\n	at org.springframework.cglib.proxy.MethodProxy.invoke(MethodProxy.java:204)\r\n	at org.springframework.aop.framework.CglibAopProxyTCglibMethodInvocation.invokeJoinpoint(CglibAopProxy.java:747)\r\n	at org.springframework.aop.framework.ReflectiveMethodInvocation.proceed(ReflectiveMethodInvocation.java:163)\r\n	at org.springframework.aop.aspectj.MethodInvocationProceedingJoinPoint.proceed(MethodInvocationProceedingJoinPoint.java:89)\r\n	at cn.stylefeng.guns.core.interceptor.SessionHolderInterceptor.sessionKit(SessionHolderInterceptor.java:44)\r\n	at sun.reflect.GeneratedMethodAccessor140.invoke(Unknown Source)\r\n	at sun.reflect.DelegatingMethodAccessorImpl.invoke(DelegatingMethodAccessorImpl.java:43)\r\n	at java.lang.reflect.Method.invoke(Method.java:498)\r\n	at org.springframework.aop.aspectj.AbstractAspectJAdvice.invokeAdviceMethodWithGivenArgs(AbstractAspectJAdvice.java:644)\r\n	at org.springframework.aop.aspectj.AbstractAspectJAdvice.invokeAdviceMethod(AbstractAspectJAdvice.java:633)\r\n	at org.springframework.aop.aspectj.AspectJAroundAdvice.invoke(AspectJAroundAdvice.java:70)\r\n	at org.springframework.aop.framework.ReflectiveMethodInvocation.proceed(ReflectiveMethodInvocation.java:185)\r\n	at org.springframework.aop.interceptor.ExposeInvocationInterceptor.invoke(ExposeInvocationInterceptor.java:92)\r\n	at org.springframework.aop.framework.ReflectiveMethodInvocation.proceed(ReflectiveMethodInvocation.java:185)\r\n	at org.springframework.aop.framework.CglibAopProxyTDynamicAdvisedInterceptor.intercept(CglibAopProxy.java:689)\r\n	at cn.stylefeng.guns.modular.invoice.controller.InvoiceControllerTTEnhancerBySpringCGLIBTT3d4889fa.draw(<generated>)\r\n	at sun.reflect.NativeMethodAccessorImpl.invoke0(Native Method)\r\n	at sun.reflect.NativeMethodAccessorImpl.invoke(NativeMethodAccessorImpl.java:62)\r\n	at sun.reflect.DelegatingMethodAccessorImpl.invoke(DelegatingMethodAccessorImpl.java:43)\r\n	at java.lang.reflect.Method.invoke(Method.java:498)\r\n	at org.springframework.web.method.support.InvocableHandlerMethod.doInvoke(InvocableHandlerMethod.java:209)\r\n	at org.springframework.web.method.support.InvocableHandlerMethod.invokeForRequest(InvocableHandlerMethod.java:136)\r\n	at org.springframework.web.servlet.mvc.method.annotation.ServletInvocableHandlerMethod.invokeAndHandle(ServletInvocableHandlerMethod.java:102)\r\n	at org.springframework.web.servlet.mvc.method.annotation.RequestMappingHandlerAdapter.invokeHandlerMethod(RequestMappingHandlerAdapter.java:877)\r\n	at org.springframework.web.servlet.mvc.method.annotation.RequestMappingHandlerAdapter.handleInternal(RequestMappingHandlerAdapter.java:783)\r\n	at org.springframework.web.servlet.mvc.method.AbstractHandlerMethodAdapter.handle(AbstractHandlerMethodAdapter.java:87)\r\n	at org.springframework.web.servlet.DispatcherServlet.doDispatch(DispatcherServlet.java:991)\r\n	at org.springframework.web.servlet.DispatcherServlet.doService(DispatcherServlet.java:925)\r\n	at org.springframework.web.servlet.FrameworkServlet.processRequest(FrameworkServlet.java:974)\r\n	at org.springframework.web.servlet.FrameworkServlet.doPost(FrameworkServlet.java:877)\r\n	at javax.servlet.http.HttpServlet.service(HttpServlet.java:661)\r\n	at org.springframework.web.servlet.FrameworkServlet.service(FrameworkServlet.java:851)\r\n	at javax.servlet.http.HttpServlet.service(HttpServlet.java:742)\r\n	at org.apache.catalina.core.ApplicationFilterChain.internalDoFilter(ApplicationFilterChain.java:231)\r\n	at org.apache.catalina.core.ApplicationFilterChain.doFilter(ApplicationFilterChain.java:166)\r\n	at org.apache.tomcat.websocket.server.WsFilter.doFilter(WsFilter.java:52)\r\n	at org.apache.catalina.core.ApplicationFilterChain.internalDoFilter(ApplicationFilterChain.java:193)\r\n	at org.apache.catalina.core.ApplicationFilterChain.doFilter(ApplicationFilterChain.java:166)\r\n	at org.apache.shiro.web.servlet.ProxiedFilterChain.doFilter(ProxiedFilterChain.java:61)\r\n	at org.apache.shiro.web.servlet.AdviceFilter.executeChain(AdviceFilter.java:108)\r\n	at org.apache.shiro.web.servlet.AdviceFilter.doFilterInternal(AdviceFilter.java:137)\r\n	at org.apache.shiro.web.servlet.OncePerRequestFilter.doFilter(OncePerRequestFilter.java:125)\r\n	at org.apache.shiro.web.servlet.ProxiedFilterChain.doFilter(ProxiedFilterChain.java:66)\r\n	at org.apache.shiro.web.servlet.AbstractShiroFilter.executeChain(AbstractShiroFilter.java:449)\r\n	at org.apache.shiro.web.servlet.AbstractShiroFilterT1.call(AbstractShiroFilter.java:365)\r\n	at org.apache.shiro.subject.support.SubjectCallable.doCall(SubjectCallable.java:90)\r\n	at org.apache.shiro.subject.support.SubjectCallable.call(SubjectCallable.java:83)\r\n	at org.apache.shiro.subject.support.DelegatingSubject.execute(DelegatingSubject.java:387)\r\n	at org.apache.shiro.web.servlet.AbstractShiroFilter.doFilterInternal(AbstractShiroFilter.java:362)\r\n	at org.apache.shiro.web.servlet.OncePerRequestFilter.doFilter(OncePerRequestFilter.java:125)\r\n	at org.apache.catalina.core.ApplicationFilterChain.internalDoFilter(ApplicationFilterChain.java:193)\r\n	at org.apache.catalina.core.ApplicationFilterChain.doFilter(ApplicationFilterChain.java:166)\r\n	at cn.stylefeng.roses.core.xss.XssFilter.doFilter(XssFilter.java:31)\r\n	at org.apache.catalina.core.ApplicationFilterChain.internalDoFilter(ApplicationFilterChain.java:193)\r\n	at org.apache.catalina.core.ApplicationFilterChain.doFilter(ApplicationFilterChain.java:166)\r\n	at com.alibaba.druid.support.http.WebStatFilter.doFilter(WebStatFilter.java:123)\r\n	at org.apache.catalina.core.ApplicationFilterChain.internalDoFilter(ApplicationFilterChain.java:193)\r\n	at org.apache.catalina.core.ApplicationFilterChain.doFilter(ApplicationFilterChain.java:166)\r\n	at org.springframework.web.filter.RequestContextFilter.doFilterInternal(RequestContextFilter.java:99)\r\n	at org.springframework.web.filter.OncePerRequestFilter.doFilter(OncePerRequestFilter.java:107)\r\n	at org.apache.catalina.core.ApplicationFilterChain.internalDoFilter(ApplicationFilterChain.java:193)\r\n	at org.apache.catalina.core.ApplicationFilterChain.doFilter(ApplicationFilterChain.java:166)\r\n	at org.springframework.web.filter.HttpPutFormContentFilter.doFilterInternal(HttpPutFormContentFilter.java:109)\r\n	at org.springframework.web.filter.OncePerRequestFilter.doFilter(OncePerRequestFilter.java:107)\r\n	at org.apache.catalina.core.ApplicationFilterChain.internalDoFilter(ApplicationFilterChain.java:193)\r\n	at org.apache.catalina.core.ApplicationFilterChain.doFilter(ApplicationFilterChain.java:166)\r\n	at org.springframework.web.filter.HiddenHttpMethodFilter.doFilterInternal(HiddenHttpMethodFilter.java:81)\r\n	at org.springframework.web.filter.OncePerRequestFilter.doFilter(OncePerRequestFilter.java:107)\r\n	at org.apache.catalina.core.ApplicationFilterChain.internalDoFilter(ApplicationFilterChain.java:193)\r\n	at org.apache.catalina.core.ApplicationFilterChain.doFilter(ApplicationFilterChain.java:166)\r\n	at org.springframework.web.filter.CharacterEncodingFilter.doFilterInternal(CharacterEncodingFilter.java:200)\r\n	at org.springframework.web.filter.OncePerRequestFilter.doFilter(OncePerRequestFilter.java:107)\r\n	at org.apache.catalina.core.ApplicationFilterChain.internalDoFilter(ApplicationFilterChain.java:193)\r\n	at org.apache.catalina.core.ApplicationFilterChain.doFilter(ApplicationFilterChain.java:166)\r\n	at org.apache.catalina.core.StandardWrapperValve.invoke(StandardWrapperValve.java:198)\r\n	at org.apache.catalina.core.StandardContextValve.invoke(StandardContextValve.java:96)\r\n	at org.apache.catalina.authenticator.AuthenticatorBase.invoke(AuthenticatorBase.java:496)\r\n	at org.apache.catalina.core.StandardHostValve.invoke(StandardHostValve.java:140)\r\n	at org.apache.catalina.valves.ErrorReportValve.invoke(ErrorReportValve.java:81)\r\n	at org.apache.catalina.core.StandardEngineValve.invoke(StandardEngineValve.java:87)\r\n	at org.apache.catalina.connector.CoyoteAdapter.service(CoyoteAdapter.java:342)\r\n	at org.apache.coyote.http11.Http11Processor.service(Http11Processor.java:803)\r\n	at org.apache.coyote.AbstractProcessorLight.process(AbstractProcessorLight.java:66)\r\n	at org.apache.coyote.AbstractProtocolTConnectionHandler.process(AbstractProtocol.java:790)\r\n	at org.apache.tomcat.util.net.NioEndpointTSocketProcessor.doRun(NioEndpoint.java:1459)\r\n	at org.apache.tomcat.util.net.SocketProcessorBase.run(SocketProcessorBase.java:49)\r\n	at java.util.concurrent.ThreadPoolExecutor.runWorker(ThreadPoolExecutor.java:1149)\r\n	at java.util.concurrent.ThreadPoolExecutorTWorker.run(ThreadPoolExecutor.java:624)\r\n	at org.apache.tomcat.util.threads.TaskThreadTWrappingRunnable.run(TaskThread.java:61)\r\n	at java.lang.Thread.run(Thread.java:748)\r\n'),(3,'异常日志','',1,NULL,NULL,'2019-04-25 18:19:23','失败','java.lang.NullPointerException\r\n	at cn.stylefeng.guns.core.util.DrawUtils.draw(DrawUtils.java:26)\r\n	at cn.stylefeng.guns.modular.invoice.service.impl.InvoiceServiceImpl.draw(InvoiceServiceImpl.java:70)\r\n	at cn.stylefeng.guns.modular.invoice.service.impl.InvoiceServiceImplTTFastClassBySpringCGLIBTTa17783e5.invoke(<generated>)\r\n	at org.springframework.cglib.proxy.MethodProxy.invoke(MethodProxy.java:204)\r\n	at org.springframework.aop.framework.CglibAopProxyTCglibMethodInvocation.invokeJoinpoint(CglibAopProxy.java:747)\r\n	at org.springframework.aop.framework.ReflectiveMethodInvocation.proceed(ReflectiveMethodInvocation.java:163)\r\n	at com.alibaba.druid.support.spring.stat.DruidStatInterceptor.invoke(DruidStatInterceptor.java:72)\r\n	at org.springframework.aop.framework.ReflectiveMethodInvocation.proceed(ReflectiveMethodInvocation.java:185)\r\n	at org.springframework.aop.framework.CglibAopProxyTDynamicAdvisedInterceptor.intercept(CglibAopProxy.java:689)\r\n	at cn.stylefeng.guns.modular.invoice.service.impl.InvoiceServiceImplTTEnhancerBySpringCGLIBTTb5528770.draw(<generated>)\r\n	at cn.stylefeng.guns.modular.invoice.controller.InvoiceController.draw(InvoiceController.java:118)\r\n	at cn.stylefeng.guns.modular.invoice.controller.InvoiceControllerTTFastClassBySpringCGLIBTT24cd054f.invoke(<generated>)\r\n	at org.springframework.cglib.proxy.MethodProxy.invoke(MethodProxy.java:204)\r\n	at org.springframework.aop.framework.CglibAopProxyTCglibMethodInvocation.invokeJoinpoint(CglibAopProxy.java:747)\r\n	at org.springframework.aop.framework.ReflectiveMethodInvocation.proceed(ReflectiveMethodInvocation.java:163)\r\n	at org.springframework.aop.aspectj.MethodInvocationProceedingJoinPoint.proceed(MethodInvocationProceedingJoinPoint.java:89)\r\n	at cn.stylefeng.guns.core.interceptor.SessionHolderInterceptor.sessionKit(SessionHolderInterceptor.java:44)\r\n	at sun.reflect.GeneratedMethodAccessor140.invoke(Unknown Source)\r\n	at sun.reflect.DelegatingMethodAccessorImpl.invoke(DelegatingMethodAccessorImpl.java:43)\r\n	at java.lang.reflect.Method.invoke(Method.java:498)\r\n	at org.springframework.aop.aspectj.AbstractAspectJAdvice.invokeAdviceMethodWithGivenArgs(AbstractAspectJAdvice.java:644)\r\n	at org.springframework.aop.aspectj.AbstractAspectJAdvice.invokeAdviceMethod(AbstractAspectJAdvice.java:633)\r\n	at org.springframework.aop.aspectj.AspectJAroundAdvice.invoke(AspectJAroundAdvice.java:70)\r\n	at org.springframework.aop.framework.ReflectiveMethodInvocation.proceed(ReflectiveMethodInvocation.java:185)\r\n	at org.springframework.aop.interceptor.ExposeInvocationInterceptor.invoke(ExposeInvocationInterceptor.java:92)\r\n	at org.springframework.aop.framework.ReflectiveMethodInvocation.proceed(ReflectiveMethodInvocation.java:185)\r\n	at org.springframework.aop.framework.CglibAopProxyTDynamicAdvisedInterceptor.intercept(CglibAopProxy.java:689)\r\n	at cn.stylefeng.guns.modular.invoice.controller.InvoiceControllerTTEnhancerBySpringCGLIBTT3d4889fa.draw(<generated>)\r\n	at sun.reflect.NativeMethodAccessorImpl.invoke0(Native Method)\r\n	at sun.reflect.NativeMethodAccessorImpl.invoke(NativeMethodAccessorImpl.java:62)\r\n	at sun.reflect.DelegatingMethodAccessorImpl.invoke(DelegatingMethodAccessorImpl.java:43)\r\n	at java.lang.reflect.Method.invoke(Method.java:498)\r\n	at org.springframework.web.method.support.InvocableHandlerMethod.doInvoke(InvocableHandlerMethod.java:209)\r\n	at org.springframework.web.method.support.InvocableHandlerMethod.invokeForRequest(InvocableHandlerMethod.java:136)\r\n	at org.springframework.web.servlet.mvc.method.annotation.ServletInvocableHandlerMethod.invokeAndHandle(ServletInvocableHandlerMethod.java:102)\r\n	at org.springframework.web.servlet.mvc.method.annotation.RequestMappingHandlerAdapter.invokeHandlerMethod(RequestMappingHandlerAdapter.java:877)\r\n	at org.springframework.web.servlet.mvc.method.annotation.RequestMappingHandlerAdapter.handleInternal(RequestMappingHandlerAdapter.java:783)\r\n	at org.springframework.web.servlet.mvc.method.AbstractHandlerMethodAdapter.handle(AbstractHandlerMethodAdapter.java:87)\r\n	at org.springframework.web.servlet.DispatcherServlet.doDispatch(DispatcherServlet.java:991)\r\n	at org.springframework.web.servlet.DispatcherServlet.doService(DispatcherServlet.java:925)\r\n	at org.springframework.web.servlet.FrameworkServlet.processRequest(FrameworkServlet.java:974)\r\n	at org.springframework.web.servlet.FrameworkServlet.doPost(FrameworkServlet.java:877)\r\n	at javax.servlet.http.HttpServlet.service(HttpServlet.java:661)\r\n	at org.springframework.web.servlet.FrameworkServlet.service(FrameworkServlet.java:851)\r\n	at javax.servlet.http.HttpServlet.service(HttpServlet.java:742)\r\n	at org.apache.catalina.core.ApplicationFilterChain.internalDoFilter(ApplicationFilterChain.java:231)\r\n	at org.apache.catalina.core.ApplicationFilterChain.doFilter(ApplicationFilterChain.java:166)\r\n	at org.apache.tomcat.websocket.server.WsFilter.doFilter(WsFilter.java:52)\r\n	at org.apache.catalina.core.ApplicationFilterChain.internalDoFilter(ApplicationFilterChain.java:193)\r\n	at org.apache.catalina.core.ApplicationFilterChain.doFilter(ApplicationFilterChain.java:166)\r\n	at org.apache.shiro.web.servlet.ProxiedFilterChain.doFilter(ProxiedFilterChain.java:61)\r\n	at org.apache.shiro.web.servlet.AdviceFilter.executeChain(AdviceFilter.java:108)\r\n	at org.apache.shiro.web.servlet.AdviceFilter.doFilterInternal(AdviceFilter.java:137)\r\n	at org.apache.shiro.web.servlet.OncePerRequestFilter.doFilter(OncePerRequestFilter.java:125)\r\n	at org.apache.shiro.web.servlet.ProxiedFilterChain.doFilter(ProxiedFilterChain.java:66)\r\n	at org.apache.shiro.web.servlet.AbstractShiroFilter.executeChain(AbstractShiroFilter.java:449)\r\n	at org.apache.shiro.web.servlet.AbstractShiroFilterT1.call(AbstractShiroFilter.java:365)\r\n	at org.apache.shiro.subject.support.SubjectCallable.doCall(SubjectCallable.java:90)\r\n	at org.apache.shiro.subject.support.SubjectCallable.call(SubjectCallable.java:83)\r\n	at org.apache.shiro.subject.support.DelegatingSubject.execute(DelegatingSubject.java:387)\r\n	at org.apache.shiro.web.servlet.AbstractShiroFilter.doFilterInternal(AbstractShiroFilter.java:362)\r\n	at org.apache.shiro.web.servlet.OncePerRequestFilter.doFilter(OncePerRequestFilter.java:125)\r\n	at org.apache.catalina.core.ApplicationFilterChain.internalDoFilter(ApplicationFilterChain.java:193)\r\n	at org.apache.catalina.core.ApplicationFilterChain.doFilter(ApplicationFilterChain.java:166)\r\n	at cn.stylefeng.roses.core.xss.XssFilter.doFilter(XssFilter.java:31)\r\n	at org.apache.catalina.core.ApplicationFilterChain.internalDoFilter(ApplicationFilterChain.java:193)\r\n	at org.apache.catalina.core.ApplicationFilterChain.doFilter(ApplicationFilterChain.java:166)\r\n	at com.alibaba.druid.support.http.WebStatFilter.doFilter(WebStatFilter.java:123)\r\n	at org.apache.catalina.core.ApplicationFilterChain.internalDoFilter(ApplicationFilterChain.java:193)\r\n	at org.apache.catalina.core.ApplicationFilterChain.doFilter(ApplicationFilterChain.java:166)\r\n	at org.springframework.web.filter.RequestContextFilter.doFilterInternal(RequestContextFilter.java:99)\r\n	at org.springframework.web.filter.OncePerRequestFilter.doFilter(OncePerRequestFilter.java:107)\r\n	at org.apache.catalina.core.ApplicationFilterChain.internalDoFilter(ApplicationFilterChain.java:193)\r\n	at org.apache.catalina.core.ApplicationFilterChain.doFilter(ApplicationFilterChain.java:166)\r\n	at org.springframework.web.filter.HttpPutFormContentFilter.doFilterInternal(HttpPutFormContentFilter.java:109)\r\n	at org.springframework.web.filter.OncePerRequestFilter.doFilter(OncePerRequestFilter.java:107)\r\n	at org.apache.catalina.core.ApplicationFilterChain.internalDoFilter(ApplicationFilterChain.java:193)\r\n	at org.apache.catalina.core.ApplicationFilterChain.doFilter(ApplicationFilterChain.java:166)\r\n	at org.springframework.web.filter.HiddenHttpMethodFilter.doFilterInternal(HiddenHttpMethodFilter.java:81)\r\n	at org.springframework.web.filter.OncePerRequestFilter.doFilter(OncePerRequestFilter.java:107)\r\n	at org.apache.catalina.core.ApplicationFilterChain.internalDoFilter(ApplicationFilterChain.java:193)\r\n	at org.apache.catalina.core.ApplicationFilterChain.doFilter(ApplicationFilterChain.java:166)\r\n	at org.springframework.web.filter.CharacterEncodingFilter.doFilterInternal(CharacterEncodingFilter.java:200)\r\n	at org.springframework.web.filter.OncePerRequestFilter.doFilter(OncePerRequestFilter.java:107)\r\n	at org.apache.catalina.core.ApplicationFilterChain.internalDoFilter(ApplicationFilterChain.java:193)\r\n	at org.apache.catalina.core.ApplicationFilterChain.doFilter(ApplicationFilterChain.java:166)\r\n	at org.apache.catalina.core.StandardWrapperValve.invoke(StandardWrapperValve.java:198)\r\n	at org.apache.catalina.core.StandardContextValve.invoke(StandardContextValve.java:96)\r\n	at org.apache.catalina.authenticator.AuthenticatorBase.invoke(AuthenticatorBase.java:496)\r\n	at org.apache.catalina.core.StandardHostValve.invoke(StandardHostValve.java:140)\r\n	at org.apache.catalina.valves.ErrorReportValve.invoke(ErrorReportValve.java:81)\r\n	at org.apache.catalina.core.StandardEngineValve.invoke(StandardEngineValve.java:87)\r\n	at org.apache.catalina.connector.CoyoteAdapter.service(CoyoteAdapter.java:342)\r\n	at org.apache.coyote.http11.Http11Processor.service(Http11Processor.java:803)\r\n	at org.apache.coyote.AbstractProcessorLight.process(AbstractProcessorLight.java:66)\r\n	at org.apache.coyote.AbstractProtocolTConnectionHandler.process(AbstractProtocol.java:790)\r\n	at org.apache.tomcat.util.net.NioEndpointTSocketProcessor.doRun(NioEndpoint.java:1459)\r\n	at org.apache.tomcat.util.net.SocketProcessorBase.run(SocketProcessorBase.java:49)\r\n	at java.util.concurrent.ThreadPoolExecutor.runWorker(ThreadPoolExecutor.java:1149)\r\n	at java.util.concurrent.ThreadPoolExecutorTWorker.run(ThreadPoolExecutor.java:624)\r\n	at org.apache.tomcat.util.threads.TaskThreadTWrappingRunnable.run(TaskThread.java:61)\r\n	at java.lang.Thread.run(Thread.java:748)\r\n'),(4,'异常日志','',1,NULL,NULL,'2019-04-25 18:20:45','失败','java.lang.NullPointerException\r\n	at cn.stylefeng.guns.core.util.DrawUtils.draw(DrawUtils.java:26)\r\n	at cn.stylefeng.guns.modular.invoice.service.impl.InvoiceServiceImpl.draw(InvoiceServiceImpl.java:70)\r\n	at cn.stylefeng.guns.modular.invoice.service.impl.InvoiceServiceImplTTFastClassBySpringCGLIBTTa17783e5.invoke(<generated>)\r\n	at org.springframework.cglib.proxy.MethodProxy.invoke(MethodProxy.java:204)\r\n	at org.springframework.aop.framework.CglibAopProxyTCglibMethodInvocation.invokeJoinpoint(CglibAopProxy.java:747)\r\n	at org.springframework.aop.framework.ReflectiveMethodInvocation.proceed(ReflectiveMethodInvocation.java:163)\r\n	at com.alibaba.druid.support.spring.stat.DruidStatInterceptor.invoke(DruidStatInterceptor.java:72)\r\n	at org.springframework.aop.framework.ReflectiveMethodInvocation.proceed(ReflectiveMethodInvocation.java:185)\r\n	at org.springframework.aop.framework.CglibAopProxyTDynamicAdvisedInterceptor.intercept(CglibAopProxy.java:689)\r\n	at cn.stylefeng.guns.modular.invoice.service.impl.InvoiceServiceImplTTEnhancerBySpringCGLIBTTb5528770.draw(<generated>)\r\n	at cn.stylefeng.guns.modular.invoice.controller.InvoiceController.draw(InvoiceController.java:118)\r\n	at cn.stylefeng.guns.modular.invoice.controller.InvoiceControllerTTFastClassBySpringCGLIBTT24cd054f.invoke(<generated>)\r\n	at org.springframework.cglib.proxy.MethodProxy.invoke(MethodProxy.java:204)\r\n	at org.springframework.aop.framework.CglibAopProxyTCglibMethodInvocation.invokeJoinpoint(CglibAopProxy.java:747)\r\n	at org.springframework.aop.framework.ReflectiveMethodInvocation.proceed(ReflectiveMethodInvocation.java:163)\r\n	at org.springframework.aop.aspectj.MethodInvocationProceedingJoinPoint.proceed(MethodInvocationProceedingJoinPoint.java:89)\r\n	at cn.stylefeng.guns.core.interceptor.SessionHolderInterceptor.sessionKit(SessionHolderInterceptor.java:44)\r\n	at sun.reflect.GeneratedMethodAccessor140.invoke(Unknown Source)\r\n	at sun.reflect.DelegatingMethodAccessorImpl.invoke(DelegatingMethodAccessorImpl.java:43)\r\n	at java.lang.reflect.Method.invoke(Method.java:498)\r\n	at org.springframework.aop.aspectj.AbstractAspectJAdvice.invokeAdviceMethodWithGivenArgs(AbstractAspectJAdvice.java:644)\r\n	at org.springframework.aop.aspectj.AbstractAspectJAdvice.invokeAdviceMethod(AbstractAspectJAdvice.java:633)\r\n	at org.springframework.aop.aspectj.AspectJAroundAdvice.invoke(AspectJAroundAdvice.java:70)\r\n	at org.springframework.aop.framework.ReflectiveMethodInvocation.proceed(ReflectiveMethodInvocation.java:185)\r\n	at org.springframework.aop.interceptor.ExposeInvocationInterceptor.invoke(ExposeInvocationInterceptor.java:92)\r\n	at org.springframework.aop.framework.ReflectiveMethodInvocation.proceed(ReflectiveMethodInvocation.java:185)\r\n	at org.springframework.aop.framework.CglibAopProxyTDynamicAdvisedInterceptor.intercept(CglibAopProxy.java:689)\r\n	at cn.stylefeng.guns.modular.invoice.controller.InvoiceControllerTTEnhancerBySpringCGLIBTT3d4889fa.draw(<generated>)\r\n	at sun.reflect.NativeMethodAccessorImpl.invoke0(Native Method)\r\n	at sun.reflect.NativeMethodAccessorImpl.invoke(NativeMethodAccessorImpl.java:62)\r\n	at sun.reflect.DelegatingMethodAccessorImpl.invoke(DelegatingMethodAccessorImpl.java:43)\r\n	at java.lang.reflect.Method.invoke(Method.java:498)\r\n	at org.springframework.web.method.support.InvocableHandlerMethod.doInvoke(InvocableHandlerMethod.java:209)\r\n	at org.springframework.web.method.support.InvocableHandlerMethod.invokeForRequest(InvocableHandlerMethod.java:136)\r\n	at org.springframework.web.servlet.mvc.method.annotation.ServletInvocableHandlerMethod.invokeAndHandle(ServletInvocableHandlerMethod.java:102)\r\n	at org.springframework.web.servlet.mvc.method.annotation.RequestMappingHandlerAdapter.invokeHandlerMethod(RequestMappingHandlerAdapter.java:877)\r\n	at org.springframework.web.servlet.mvc.method.annotation.RequestMappingHandlerAdapter.handleInternal(RequestMappingHandlerAdapter.java:783)\r\n	at org.springframework.web.servlet.mvc.method.AbstractHandlerMethodAdapter.handle(AbstractHandlerMethodAdapter.java:87)\r\n	at org.springframework.web.servlet.DispatcherServlet.doDispatch(DispatcherServlet.java:991)\r\n	at org.springframework.web.servlet.DispatcherServlet.doService(DispatcherServlet.java:925)\r\n	at org.springframework.web.servlet.FrameworkServlet.processRequest(FrameworkServlet.java:974)\r\n	at org.springframework.web.servlet.FrameworkServlet.doPost(FrameworkServlet.java:877)\r\n	at javax.servlet.http.HttpServlet.service(HttpServlet.java:661)\r\n	at org.springframework.web.servlet.FrameworkServlet.service(FrameworkServlet.java:851)\r\n	at javax.servlet.http.HttpServlet.service(HttpServlet.java:742)\r\n	at org.apache.catalina.core.ApplicationFilterChain.internalDoFilter(ApplicationFilterChain.java:231)\r\n	at org.apache.catalina.core.ApplicationFilterChain.doFilter(ApplicationFilterChain.java:166)\r\n	at org.apache.tomcat.websocket.server.WsFilter.doFilter(WsFilter.java:52)\r\n	at org.apache.catalina.core.ApplicationFilterChain.internalDoFilter(ApplicationFilterChain.java:193)\r\n	at org.apache.catalina.core.ApplicationFilterChain.doFilter(ApplicationFilterChain.java:166)\r\n	at org.apache.shiro.web.servlet.ProxiedFilterChain.doFilter(ProxiedFilterChain.java:61)\r\n	at org.apache.shiro.web.servlet.AdviceFilter.executeChain(AdviceFilter.java:108)\r\n	at org.apache.shiro.web.servlet.AdviceFilter.doFilterInternal(AdviceFilter.java:137)\r\n	at org.apache.shiro.web.servlet.OncePerRequestFilter.doFilter(OncePerRequestFilter.java:125)\r\n	at org.apache.shiro.web.servlet.ProxiedFilterChain.doFilter(ProxiedFilterChain.java:66)\r\n	at org.apache.shiro.web.servlet.AbstractShiroFilter.executeChain(AbstractShiroFilter.java:449)\r\n	at org.apache.shiro.web.servlet.AbstractShiroFilterT1.call(AbstractShiroFilter.java:365)\r\n	at org.apache.shiro.subject.support.SubjectCallable.doCall(SubjectCallable.java:90)\r\n	at org.apache.shiro.subject.support.SubjectCallable.call(SubjectCallable.java:83)\r\n	at org.apache.shiro.subject.support.DelegatingSubject.execute(DelegatingSubject.java:387)\r\n	at org.apache.shiro.web.servlet.AbstractShiroFilter.doFilterInternal(AbstractShiroFilter.java:362)\r\n	at org.apache.shiro.web.servlet.OncePerRequestFilter.doFilter(OncePerRequestFilter.java:125)\r\n	at org.apache.catalina.core.ApplicationFilterChain.internalDoFilter(ApplicationFilterChain.java:193)\r\n	at org.apache.catalina.core.ApplicationFilterChain.doFilter(ApplicationFilterChain.java:166)\r\n	at cn.stylefeng.roses.core.xss.XssFilter.doFilter(XssFilter.java:31)\r\n	at org.apache.catalina.core.ApplicationFilterChain.internalDoFilter(ApplicationFilterChain.java:193)\r\n	at org.apache.catalina.core.ApplicationFilterChain.doFilter(ApplicationFilterChain.java:166)\r\n	at com.alibaba.druid.support.http.WebStatFilter.doFilter(WebStatFilter.java:123)\r\n	at org.apache.catalina.core.ApplicationFilterChain.internalDoFilter(ApplicationFilterChain.java:193)\r\n	at org.apache.catalina.core.ApplicationFilterChain.doFilter(ApplicationFilterChain.java:166)\r\n	at org.springframework.web.filter.RequestContextFilter.doFilterInternal(RequestContextFilter.java:99)\r\n	at org.springframework.web.filter.OncePerRequestFilter.doFilter(OncePerRequestFilter.java:107)\r\n	at org.apache.catalina.core.ApplicationFilterChain.internalDoFilter(ApplicationFilterChain.java:193)\r\n	at org.apache.catalina.core.ApplicationFilterChain.doFilter(ApplicationFilterChain.java:166)\r\n	at org.springframework.web.filter.HttpPutFormContentFilter.doFilterInternal(HttpPutFormContentFilter.java:109)\r\n	at org.springframework.web.filter.OncePerRequestFilter.doFilter(OncePerRequestFilter.java:107)\r\n	at org.apache.catalina.core.ApplicationFilterChain.internalDoFilter(ApplicationFilterChain.java:193)\r\n	at org.apache.catalina.core.ApplicationFilterChain.doFilter(ApplicationFilterChain.java:166)\r\n	at org.springframework.web.filter.HiddenHttpMethodFilter.doFilterInternal(HiddenHttpMethodFilter.java:81)\r\n	at org.springframework.web.filter.OncePerRequestFilter.doFilter(OncePerRequestFilter.java:107)\r\n	at org.apache.catalina.core.ApplicationFilterChain.internalDoFilter(ApplicationFilterChain.java:193)\r\n	at org.apache.catalina.core.ApplicationFilterChain.doFilter(ApplicationFilterChain.java:166)\r\n	at org.springframework.web.filter.CharacterEncodingFilter.doFilterInternal(CharacterEncodingFilter.java:200)\r\n	at org.springframework.web.filter.OncePerRequestFilter.doFilter(OncePerRequestFilter.java:107)\r\n	at org.apache.catalina.core.ApplicationFilterChain.internalDoFilter(ApplicationFilterChain.java:193)\r\n	at org.apache.catalina.core.ApplicationFilterChain.doFilter(ApplicationFilterChain.java:166)\r\n	at org.apache.catalina.core.StandardWrapperValve.invoke(StandardWrapperValve.java:198)\r\n	at org.apache.catalina.core.StandardContextValve.invoke(StandardContextValve.java:96)\r\n	at org.apache.catalina.authenticator.AuthenticatorBase.invoke(AuthenticatorBase.java:496)\r\n	at org.apache.catalina.core.StandardHostValve.invoke(StandardHostValve.java:140)\r\n	at org.apache.catalina.valves.ErrorReportValve.invoke(ErrorReportValve.java:81)\r\n	at org.apache.catalina.core.StandardEngineValve.invoke(StandardEngineValve.java:87)\r\n	at org.apache.catalina.connector.CoyoteAdapter.service(CoyoteAdapter.java:342)\r\n	at org.apache.coyote.http11.Http11Processor.service(Http11Processor.java:803)\r\n	at org.apache.coyote.AbstractProcessorLight.process(AbstractProcessorLight.java:66)\r\n	at org.apache.coyote.AbstractProtocolTConnectionHandler.process(AbstractProtocol.java:790)\r\n	at org.apache.tomcat.util.net.NioEndpointTSocketProcessor.doRun(NioEndpoint.java:1459)\r\n	at org.apache.tomcat.util.net.SocketProcessorBase.run(SocketProcessorBase.java:49)\r\n	at java.util.concurrent.ThreadPoolExecutor.runWorker(ThreadPoolExecutor.java:1149)\r\n	at java.util.concurrent.ThreadPoolExecutorTWorker.run(ThreadPoolExecutor.java:624)\r\n	at org.apache.tomcat.util.threads.TaskThreadTWrappingRunnable.run(TaskThread.java:61)\r\n	at java.lang.Thread.run(Thread.java:748)\r\n'),(5,'异常日志','',1,NULL,NULL,'2019-04-25 18:20:56','失败','java.lang.NullPointerException\r\n	at cn.stylefeng.guns.core.util.DrawUtils.draw(DrawUtils.java:26)\r\n	at cn.stylefeng.guns.modular.invoice.service.impl.InvoiceServiceImpl.draw(InvoiceServiceImpl.java:70)\r\n	at cn.stylefeng.guns.modular.invoice.service.impl.InvoiceServiceImplTTFastClassBySpringCGLIBTTa17783e5.invoke(<generated>)\r\n	at org.springframework.cglib.proxy.MethodProxy.invoke(MethodProxy.java:204)\r\n	at org.springframework.aop.framework.CglibAopProxyTCglibMethodInvocation.invokeJoinpoint(CglibAopProxy.java:747)\r\n	at org.springframework.aop.framework.ReflectiveMethodInvocation.proceed(ReflectiveMethodInvocation.java:163)\r\n	at com.alibaba.druid.support.spring.stat.DruidStatInterceptor.invoke(DruidStatInterceptor.java:72)\r\n	at org.springframework.aop.framework.ReflectiveMethodInvocation.proceed(ReflectiveMethodInvocation.java:185)\r\n	at org.springframework.aop.framework.CglibAopProxyTDynamicAdvisedInterceptor.intercept(CglibAopProxy.java:689)\r\n	at cn.stylefeng.guns.modular.invoice.service.impl.InvoiceServiceImplTTEnhancerBySpringCGLIBTTb5528770.draw(<generated>)\r\n	at cn.stylefeng.guns.modular.invoice.controller.InvoiceController.draw(InvoiceController.java:118)\r\n	at cn.stylefeng.guns.modular.invoice.controller.InvoiceControllerTTFastClassBySpringCGLIBTT24cd054f.invoke(<generated>)\r\n	at org.springframework.cglib.proxy.MethodProxy.invoke(MethodProxy.java:204)\r\n	at org.springframework.aop.framework.CglibAopProxyTCglibMethodInvocation.invokeJoinpoint(CglibAopProxy.java:747)\r\n	at org.springframework.aop.framework.ReflectiveMethodInvocation.proceed(ReflectiveMethodInvocation.java:163)\r\n	at org.springframework.aop.aspectj.MethodInvocationProceedingJoinPoint.proceed(MethodInvocationProceedingJoinPoint.java:89)\r\n	at cn.stylefeng.guns.core.interceptor.SessionHolderInterceptor.sessionKit(SessionHolderInterceptor.java:44)\r\n	at sun.reflect.GeneratedMethodAccessor140.invoke(Unknown Source)\r\n	at sun.reflect.DelegatingMethodAccessorImpl.invoke(DelegatingMethodAccessorImpl.java:43)\r\n	at java.lang.reflect.Method.invoke(Method.java:498)\r\n	at org.springframework.aop.aspectj.AbstractAspectJAdvice.invokeAdviceMethodWithGivenArgs(AbstractAspectJAdvice.java:644)\r\n	at org.springframework.aop.aspectj.AbstractAspectJAdvice.invokeAdviceMethod(AbstractAspectJAdvice.java:633)\r\n	at org.springframework.aop.aspectj.AspectJAroundAdvice.invoke(AspectJAroundAdvice.java:70)\r\n	at org.springframework.aop.framework.ReflectiveMethodInvocation.proceed(ReflectiveMethodInvocation.java:185)\r\n	at org.springframework.aop.interceptor.ExposeInvocationInterceptor.invoke(ExposeInvocationInterceptor.java:92)\r\n	at org.springframework.aop.framework.ReflectiveMethodInvocation.proceed(ReflectiveMethodInvocation.java:185)\r\n	at org.springframework.aop.framework.CglibAopProxyTDynamicAdvisedInterceptor.intercept(CglibAopProxy.java:689)\r\n	at cn.stylefeng.guns.modular.invoice.controller.InvoiceControllerTTEnhancerBySpringCGLIBTT3d4889fa.draw(<generated>)\r\n	at sun.reflect.NativeMethodAccessorImpl.invoke0(Native Method)\r\n	at sun.reflect.NativeMethodAccessorImpl.invoke(NativeMethodAccessorImpl.java:62)\r\n	at sun.reflect.DelegatingMethodAccessorImpl.invoke(DelegatingMethodAccessorImpl.java:43)\r\n	at java.lang.reflect.Method.invoke(Method.java:498)\r\n	at org.springframework.web.method.support.InvocableHandlerMethod.doInvoke(InvocableHandlerMethod.java:209)\r\n	at org.springframework.web.method.support.InvocableHandlerMethod.invokeForRequest(InvocableHandlerMethod.java:136)\r\n	at org.springframework.web.servlet.mvc.method.annotation.ServletInvocableHandlerMethod.invokeAndHandle(ServletInvocableHandlerMethod.java:102)\r\n	at org.springframework.web.servlet.mvc.method.annotation.RequestMappingHandlerAdapter.invokeHandlerMethod(RequestMappingHandlerAdapter.java:877)\r\n	at org.springframework.web.servlet.mvc.method.annotation.RequestMappingHandlerAdapter.handleInternal(RequestMappingHandlerAdapter.java:783)\r\n	at org.springframework.web.servlet.mvc.method.AbstractHandlerMethodAdapter.handle(AbstractHandlerMethodAdapter.java:87)\r\n	at org.springframework.web.servlet.DispatcherServlet.doDispatch(DispatcherServlet.java:991)\r\n	at org.springframework.web.servlet.DispatcherServlet.doService(DispatcherServlet.java:925)\r\n	at org.springframework.web.servlet.FrameworkServlet.processRequest(FrameworkServlet.java:974)\r\n	at org.springframework.web.servlet.FrameworkServlet.doPost(FrameworkServlet.java:877)\r\n	at javax.servlet.http.HttpServlet.service(HttpServlet.java:661)\r\n	at org.springframework.web.servlet.FrameworkServlet.service(FrameworkServlet.java:851)\r\n	at javax.servlet.http.HttpServlet.service(HttpServlet.java:742)\r\n	at org.apache.catalina.core.ApplicationFilterChain.internalDoFilter(ApplicationFilterChain.java:231)\r\n	at org.apache.catalina.core.ApplicationFilterChain.doFilter(ApplicationFilterChain.java:166)\r\n	at org.apache.tomcat.websocket.server.WsFilter.doFilter(WsFilter.java:52)\r\n	at org.apache.catalina.core.ApplicationFilterChain.internalDoFilter(ApplicationFilterChain.java:193)\r\n	at org.apache.catalina.core.ApplicationFilterChain.doFilter(ApplicationFilterChain.java:166)\r\n	at org.apache.shiro.web.servlet.ProxiedFilterChain.doFilter(ProxiedFilterChain.java:61)\r\n	at org.apache.shiro.web.servlet.AdviceFilter.executeChain(AdviceFilter.java:108)\r\n	at org.apache.shiro.web.servlet.AdviceFilter.doFilterInternal(AdviceFilter.java:137)\r\n	at org.apache.shiro.web.servlet.OncePerRequestFilter.doFilter(OncePerRequestFilter.java:125)\r\n	at org.apache.shiro.web.servlet.ProxiedFilterChain.doFilter(ProxiedFilterChain.java:66)\r\n	at org.apache.shiro.web.servlet.AbstractShiroFilter.executeChain(AbstractShiroFilter.java:449)\r\n	at org.apache.shiro.web.servlet.AbstractShiroFilterT1.call(AbstractShiroFilter.java:365)\r\n	at org.apache.shiro.subject.support.SubjectCallable.doCall(SubjectCallable.java:90)\r\n	at org.apache.shiro.subject.support.SubjectCallable.call(SubjectCallable.java:83)\r\n	at org.apache.shiro.subject.support.DelegatingSubject.execute(DelegatingSubject.java:387)\r\n	at org.apache.shiro.web.servlet.AbstractShiroFilter.doFilterInternal(AbstractShiroFilter.java:362)\r\n	at org.apache.shiro.web.servlet.OncePerRequestFilter.doFilter(OncePerRequestFilter.java:125)\r\n	at org.apache.catalina.core.ApplicationFilterChain.internalDoFilter(ApplicationFilterChain.java:193)\r\n	at org.apache.catalina.core.ApplicationFilterChain.doFilter(ApplicationFilterChain.java:166)\r\n	at cn.stylefeng.roses.core.xss.XssFilter.doFilter(XssFilter.java:31)\r\n	at org.apache.catalina.core.ApplicationFilterChain.internalDoFilter(ApplicationFilterChain.java:193)\r\n	at org.apache.catalina.core.ApplicationFilterChain.doFilter(ApplicationFilterChain.java:166)\r\n	at com.alibaba.druid.support.http.WebStatFilter.doFilter(WebStatFilter.java:123)\r\n	at org.apache.catalina.core.ApplicationFilterChain.internalDoFilter(ApplicationFilterChain.java:193)\r\n	at org.apache.catalina.core.ApplicationFilterChain.doFilter(ApplicationFilterChain.java:166)\r\n	at org.springframework.web.filter.RequestContextFilter.doFilterInternal(RequestContextFilter.java:99)\r\n	at org.springframework.web.filter.OncePerRequestFilter.doFilter(OncePerRequestFilter.java:107)\r\n	at org.apache.catalina.core.ApplicationFilterChain.internalDoFilter(ApplicationFilterChain.java:193)\r\n	at org.apache.catalina.core.ApplicationFilterChain.doFilter(ApplicationFilterChain.java:166)\r\n	at org.springframework.web.filter.HttpPutFormContentFilter.doFilterInternal(HttpPutFormContentFilter.java:109)\r\n	at org.springframework.web.filter.OncePerRequestFilter.doFilter(OncePerRequestFilter.java:107)\r\n	at org.apache.catalina.core.ApplicationFilterChain.internalDoFilter(ApplicationFilterChain.java:193)\r\n	at org.apache.catalina.core.ApplicationFilterChain.doFilter(ApplicationFilterChain.java:166)\r\n	at org.springframework.web.filter.HiddenHttpMethodFilter.doFilterInternal(HiddenHttpMethodFilter.java:81)\r\n	at org.springframework.web.filter.OncePerRequestFilter.doFilter(OncePerRequestFilter.java:107)\r\n	at org.apache.catalina.core.ApplicationFilterChain.internalDoFilter(ApplicationFilterChain.java:193)\r\n	at org.apache.catalina.core.ApplicationFilterChain.doFilter(ApplicationFilterChain.java:166)\r\n	at org.springframework.web.filter.CharacterEncodingFilter.doFilterInternal(CharacterEncodingFilter.java:200)\r\n	at org.springframework.web.filter.OncePerRequestFilter.doFilter(OncePerRequestFilter.java:107)\r\n	at org.apache.catalina.core.ApplicationFilterChain.internalDoFilter(ApplicationFilterChain.java:193)\r\n	at org.apache.catalina.core.ApplicationFilterChain.doFilter(ApplicationFilterChain.java:166)\r\n	at org.apache.catalina.core.StandardWrapperValve.invoke(StandardWrapperValve.java:198)\r\n	at org.apache.catalina.core.StandardContextValve.invoke(StandardContextValve.java:96)\r\n	at org.apache.catalina.authenticator.AuthenticatorBase.invoke(AuthenticatorBase.java:496)\r\n	at org.apache.catalina.core.StandardHostValve.invoke(StandardHostValve.java:140)\r\n	at org.apache.catalina.valves.ErrorReportValve.invoke(ErrorReportValve.java:81)\r\n	at org.apache.catalina.core.StandardEngineValve.invoke(StandardEngineValve.java:87)\r\n	at org.apache.catalina.connector.CoyoteAdapter.service(CoyoteAdapter.java:342)\r\n	at org.apache.coyote.http11.Http11Processor.service(Http11Processor.java:803)\r\n	at org.apache.coyote.AbstractProcessorLight.process(AbstractProcessorLight.java:66)\r\n	at org.apache.coyote.AbstractProtocolTConnectionHandler.process(AbstractProtocol.java:790)\r\n	at org.apache.tomcat.util.net.NioEndpointTSocketProcessor.doRun(NioEndpoint.java:1459)\r\n	at org.apache.tomcat.util.net.SocketProcessorBase.run(SocketProcessorBase.java:49)\r\n	at java.util.concurrent.ThreadPoolExecutor.runWorker(ThreadPoolExecutor.java:1149)\r\n	at java.util.concurrent.ThreadPoolExecutorTWorker.run(ThreadPoolExecutor.java:624)\r\n	at org.apache.tomcat.util.threads.TaskThreadTWrappingRunnable.run(TaskThread.java:61)\r\n	at java.lang.Thread.run(Thread.java:748)\r\n'),(6,'异常日志','',1,NULL,NULL,'2019-04-26 16:09:34','失败','java.lang.NumberFormatException: For input string: \"\"\r\n	at java.lang.NumberFormatException.forInputString(NumberFormatException.java:65)\r\n	at java.lang.Integer.parseInt(Integer.java:592)\r\n	at java.lang.Integer.valueOf(Integer.java:766)\r\n	at cn.stylefeng.guns.modular.invoice.controller.InvoiceController.delete(InvoiceController.java:91)\r\n	at cn.stylefeng.guns.modular.invoice.controller.InvoiceControllerTTFastClassBySpringCGLIBTT24cd054f.invoke(<generated>)\r\n	at org.springframework.cglib.proxy.MethodProxy.invoke(MethodProxy.java:204)\r\n	at org.springframework.aop.framework.CglibAopProxyTCglibMethodInvocation.invokeJoinpoint(CglibAopProxy.java:747)\r\n	at org.springframework.aop.framework.ReflectiveMethodInvocation.proceed(ReflectiveMethodInvocation.java:163)\r\n	at org.springframework.aop.aspectj.MethodInvocationProceedingJoinPoint.proceed(MethodInvocationProceedingJoinPoint.java:89)\r\n	at cn.stylefeng.guns.core.interceptor.SessionHolderInterceptor.sessionKit(SessionHolderInterceptor.java:44)\r\n	at sun.reflect.NativeMethodAccessorImpl.invoke0(Native Method)\r\n	at sun.reflect.NativeMethodAccessorImpl.invoke(NativeMethodAccessorImpl.java:62)\r\n	at sun.reflect.DelegatingMethodAccessorImpl.invoke(DelegatingMethodAccessorImpl.java:43)\r\n	at java.lang.reflect.Method.invoke(Method.java:498)\r\n	at org.springframework.aop.aspectj.AbstractAspectJAdvice.invokeAdviceMethodWithGivenArgs(AbstractAspectJAdvice.java:644)\r\n	at org.springframework.aop.aspectj.AbstractAspectJAdvice.invokeAdviceMethod(AbstractAspectJAdvice.java:633)\r\n	at org.springframework.aop.aspectj.AspectJAroundAdvice.invoke(AspectJAroundAdvice.java:70)\r\n	at org.springframework.aop.framework.ReflectiveMethodInvocation.proceed(ReflectiveMethodInvocation.java:185)\r\n	at org.springframework.aop.interceptor.ExposeInvocationInterceptor.invoke(ExposeInvocationInterceptor.java:92)\r\n	at org.springframework.aop.framework.ReflectiveMethodInvocation.proceed(ReflectiveMethodInvocation.java:185)\r\n	at org.springframework.aop.framework.CglibAopProxyTDynamicAdvisedInterceptor.intercept(CglibAopProxy.java:689)\r\n	at cn.stylefeng.guns.modular.invoice.controller.InvoiceControllerTTEnhancerBySpringCGLIBTT41252dec.delete(<generated>)\r\n	at sun.reflect.NativeMethodAccessorImpl.invoke0(Native Method)\r\n	at sun.reflect.NativeMethodAccessorImpl.invoke(NativeMethodAccessorImpl.java:62)\r\n	at sun.reflect.DelegatingMethodAccessorImpl.invoke(DelegatingMethodAccessorImpl.java:43)\r\n	at java.lang.reflect.Method.invoke(Method.java:498)\r\n	at org.springframework.web.method.support.InvocableHandlerMethod.doInvoke(InvocableHandlerMethod.java:209)\r\n	at org.springframework.web.method.support.InvocableHandlerMethod.invokeForRequest(InvocableHandlerMethod.java:136)\r\n	at org.springframework.web.servlet.mvc.method.annotation.ServletInvocableHandlerMethod.invokeAndHandle(ServletInvocableHandlerMethod.java:102)\r\n	at org.springframework.web.servlet.mvc.method.annotation.RequestMappingHandlerAdapter.invokeHandlerMethod(RequestMappingHandlerAdapter.java:877)\r\n	at org.springframework.web.servlet.mvc.method.annotation.RequestMappingHandlerAdapter.handleInternal(RequestMappingHandlerAdapter.java:783)\r\n	at org.springframework.web.servlet.mvc.method.AbstractHandlerMethodAdapter.handle(AbstractHandlerMethodAdapter.java:87)\r\n	at org.springframework.web.servlet.DispatcherServlet.doDispatch(DispatcherServlet.java:991)\r\n	at org.springframework.web.servlet.DispatcherServlet.doService(DispatcherServlet.java:925)\r\n	at org.springframework.web.servlet.FrameworkServlet.processRequest(FrameworkServlet.java:974)\r\n	at org.springframework.web.servlet.FrameworkServlet.doPost(FrameworkServlet.java:877)\r\n	at javax.servlet.http.HttpServlet.service(HttpServlet.java:661)\r\n	at org.springframework.web.servlet.FrameworkServlet.service(FrameworkServlet.java:851)\r\n	at javax.servlet.http.HttpServlet.service(HttpServlet.java:742)\r\n	at org.apache.catalina.core.ApplicationFilterChain.internalDoFilter(ApplicationFilterChain.java:231)\r\n	at org.apache.catalina.core.ApplicationFilterChain.doFilter(ApplicationFilterChain.java:166)\r\n	at org.apache.tomcat.websocket.server.WsFilter.doFilter(WsFilter.java:52)\r\n	at org.apache.catalina.core.ApplicationFilterChain.internalDoFilter(ApplicationFilterChain.java:193)\r\n	at org.apache.catalina.core.ApplicationFilterChain.doFilter(ApplicationFilterChain.java:166)\r\n	at org.apache.shiro.web.servlet.ProxiedFilterChain.doFilter(ProxiedFilterChain.java:61)\r\n	at org.apache.shiro.web.servlet.AdviceFilter.executeChain(AdviceFilter.java:108)\r\n	at org.apache.shiro.web.servlet.AdviceFilter.doFilterInternal(AdviceFilter.java:137)\r\n	at org.apache.shiro.web.servlet.OncePerRequestFilter.doFilter(OncePerRequestFilter.java:125)\r\n	at org.apache.shiro.web.servlet.ProxiedFilterChain.doFilter(ProxiedFilterChain.java:66)\r\n	at org.apache.shiro.web.servlet.AbstractShiroFilter.executeChain(AbstractShiroFilter.java:449)\r\n	at org.apache.shiro.web.servlet.AbstractShiroFilterT1.call(AbstractShiroFilter.java:365)\r\n	at org.apache.shiro.subject.support.SubjectCallable.doCall(SubjectCallable.java:90)\r\n	at org.apache.shiro.subject.support.SubjectCallable.call(SubjectCallable.java:83)\r\n	at org.apache.shiro.subject.support.DelegatingSubject.execute(DelegatingSubject.java:387)\r\n	at org.apache.shiro.web.servlet.AbstractShiroFilter.doFilterInternal(AbstractShiroFilter.java:362)\r\n	at org.apache.shiro.web.servlet.OncePerRequestFilter.doFilter(OncePerRequestFilter.java:125)\r\n	at org.apache.catalina.core.ApplicationFilterChain.internalDoFilter(ApplicationFilterChain.java:193)\r\n	at org.apache.catalina.core.ApplicationFilterChain.doFilter(ApplicationFilterChain.java:166)\r\n	at cn.stylefeng.roses.core.xss.XssFilter.doFilter(XssFilter.java:31)\r\n	at org.apache.catalina.core.ApplicationFilterChain.internalDoFilter(ApplicationFilterChain.java:193)\r\n	at org.apache.catalina.core.ApplicationFilterChain.doFilter(ApplicationFilterChain.java:166)\r\n	at com.alibaba.druid.support.http.WebStatFilter.doFilter(WebStatFilter.java:123)\r\n	at org.apache.catalina.core.ApplicationFilterChain.internalDoFilter(ApplicationFilterChain.java:193)\r\n	at org.apache.catalina.core.ApplicationFilterChain.doFilter(ApplicationFilterChain.java:166)\r\n	at org.springframework.web.filter.RequestContextFilter.doFilterInternal(RequestContextFilter.java:99)\r\n	at org.springframework.web.filter.OncePerRequestFilter.doFilter(OncePerRequestFilter.java:107)\r\n	at org.apache.catalina.core.ApplicationFilterChain.internalDoFilter(ApplicationFilterChain.java:193)\r\n	at org.apache.catalina.core.ApplicationFilterChain.doFilter(ApplicationFilterChain.java:166)\r\n	at org.springframework.web.filter.HttpPutFormContentFilter.doFilterInternal(HttpPutFormContentFilter.java:109)\r\n	at org.springframework.web.filter.OncePerRequestFilter.doFilter(OncePerRequestFilter.java:107)\r\n	at org.apache.catalina.core.ApplicationFilterChain.internalDoFilter(ApplicationFilterChain.java:193)\r\n	at org.apache.catalina.core.ApplicationFilterChain.doFilter(ApplicationFilterChain.java:166)\r\n	at org.springframework.web.filter.HiddenHttpMethodFilter.doFilterInternal(HiddenHttpMethodFilter.java:81)\r\n	at org.springframework.web.filter.OncePerRequestFilter.doFilter(OncePerRequestFilter.java:107)\r\n	at org.apache.catalina.core.ApplicationFilterChain.internalDoFilter(ApplicationFilterChain.java:193)\r\n	at org.apache.catalina.core.ApplicationFilterChain.doFilter(ApplicationFilterChain.java:166)\r\n	at org.springframework.web.filter.CharacterEncodingFilter.doFilterInternal(CharacterEncodingFilter.java:200)\r\n	at org.springframework.web.filter.OncePerRequestFilter.doFilter(OncePerRequestFilter.java:107)\r\n	at org.apache.catalina.core.ApplicationFilterChain.internalDoFilter(ApplicationFilterChain.java:193)\r\n	at org.apache.catalina.core.ApplicationFilterChain.doFilter(ApplicationFilterChain.java:166)\r\n	at org.apache.catalina.core.StandardWrapperValve.invoke(StandardWrapperValve.java:198)\r\n	at org.apache.catalina.core.StandardContextValve.invoke(StandardContextValve.java:96)\r\n	at org.apache.catalina.authenticator.AuthenticatorBase.invoke(AuthenticatorBase.java:496)\r\n	at org.apache.catalina.core.StandardHostValve.invoke(StandardHostValve.java:140)\r\n	at org.apache.catalina.valves.ErrorReportValve.invoke(ErrorReportValve.java:81)\r\n	at org.apache.catalina.core.StandardEngineValve.invoke(StandardEngineValve.java:87)\r\n	at org.apache.catalina.connector.CoyoteAdapter.service(CoyoteAdapter.java:342)\r\n	at org.apache.coyote.http11.Http11Processor.service(Http11Processor.java:803)\r\n	at org.apache.coyote.AbstractProcessorLight.process(AbstractProcessorLight.java:66)\r\n	at org.apache.coyote.AbstractProtocolTConnectionHandler.process(AbstractProtocol.java:790)\r\n	at org.apache.tomcat.util.net.NioEndpointTSocketProcessor.doRun(NioEndpoint.java:1459)\r\n	at org.apache.tomcat.util.net.SocketProcessorBase.run(SocketProcessorBase.java:49)\r\n	at java.util.concurrent.ThreadPoolExecutor.runWorker(ThreadPoolExecutor.java:1149)\r\n	at java.util.concurrent.ThreadPoolExecutorTWorker.run(ThreadPoolExecutor.java:624)\r\n	at org.apache.tomcat.util.threads.TaskThreadTWrappingRunnable.run(TaskThread.java:61)\r\n	at java.lang.Thread.run(Thread.java:748)\r\n'),(7,'异常日志','',1,NULL,NULL,'2019-04-26 16:09:47','失败','java.lang.NumberFormatException: For input string: \"\"\r\n	at java.lang.NumberFormatException.forInputString(NumberFormatException.java:65)\r\n	at java.lang.Integer.parseInt(Integer.java:592)\r\n	at java.lang.Integer.valueOf(Integer.java:766)\r\n	at cn.stylefeng.guns.modular.invoice.controller.InvoiceController.delete(InvoiceController.java:91)\r\n	at cn.stylefeng.guns.modular.invoice.controller.InvoiceControllerTTFastClassBySpringCGLIBTT24cd054f.invoke(<generated>)\r\n	at org.springframework.cglib.proxy.MethodProxy.invoke(MethodProxy.java:204)\r\n	at org.springframework.aop.framework.CglibAopProxyTCglibMethodInvocation.invokeJoinpoint(CglibAopProxy.java:747)\r\n	at org.springframework.aop.framework.ReflectiveMethodInvocation.proceed(ReflectiveMethodInvocation.java:163)\r\n	at org.springframework.aop.aspectj.MethodInvocationProceedingJoinPoint.proceed(MethodInvocationProceedingJoinPoint.java:89)\r\n	at cn.stylefeng.guns.core.interceptor.SessionHolderInterceptor.sessionKit(SessionHolderInterceptor.java:44)\r\n	at sun.reflect.NativeMethodAccessorImpl.invoke0(Native Method)\r\n	at sun.reflect.NativeMethodAccessorImpl.invoke(NativeMethodAccessorImpl.java:62)\r\n	at sun.reflect.DelegatingMethodAccessorImpl.invoke(DelegatingMethodAccessorImpl.java:43)\r\n	at java.lang.reflect.Method.invoke(Method.java:498)\r\n	at org.springframework.aop.aspectj.AbstractAspectJAdvice.invokeAdviceMethodWithGivenArgs(AbstractAspectJAdvice.java:644)\r\n	at org.springframework.aop.aspectj.AbstractAspectJAdvice.invokeAdviceMethod(AbstractAspectJAdvice.java:633)\r\n	at org.springframework.aop.aspectj.AspectJAroundAdvice.invoke(AspectJAroundAdvice.java:70)\r\n	at org.springframework.aop.framework.ReflectiveMethodInvocation.proceed(ReflectiveMethodInvocation.java:185)\r\n	at org.springframework.aop.interceptor.ExposeInvocationInterceptor.invoke(ExposeInvocationInterceptor.java:92)\r\n	at org.springframework.aop.framework.ReflectiveMethodInvocation.proceed(ReflectiveMethodInvocation.java:185)\r\n	at org.springframework.aop.framework.CglibAopProxyTDynamicAdvisedInterceptor.intercept(CglibAopProxy.java:689)\r\n	at cn.stylefeng.guns.modular.invoice.controller.InvoiceControllerTTEnhancerBySpringCGLIBTT41252dec.delete(<generated>)\r\n	at sun.reflect.NativeMethodAccessorImpl.invoke0(Native Method)\r\n	at sun.reflect.NativeMethodAccessorImpl.invoke(NativeMethodAccessorImpl.java:62)\r\n	at sun.reflect.DelegatingMethodAccessorImpl.invoke(DelegatingMethodAccessorImpl.java:43)\r\n	at java.lang.reflect.Method.invoke(Method.java:498)\r\n	at org.springframework.web.method.support.InvocableHandlerMethod.doInvoke(InvocableHandlerMethod.java:209)\r\n	at org.springframework.web.method.support.InvocableHandlerMethod.invokeForRequest(InvocableHandlerMethod.java:136)\r\n	at org.springframework.web.servlet.mvc.method.annotation.ServletInvocableHandlerMethod.invokeAndHandle(ServletInvocableHandlerMethod.java:102)\r\n	at org.springframework.web.servlet.mvc.method.annotation.RequestMappingHandlerAdapter.invokeHandlerMethod(RequestMappingHandlerAdapter.java:877)\r\n	at org.springframework.web.servlet.mvc.method.annotation.RequestMappingHandlerAdapter.handleInternal(RequestMappingHandlerAdapter.java:783)\r\n	at org.springframework.web.servlet.mvc.method.AbstractHandlerMethodAdapter.handle(AbstractHandlerMethodAdapter.java:87)\r\n	at org.springframework.web.servlet.DispatcherServlet.doDispatch(DispatcherServlet.java:991)\r\n	at org.springframework.web.servlet.DispatcherServlet.doService(DispatcherServlet.java:925)\r\n	at org.springframework.web.servlet.FrameworkServlet.processRequest(FrameworkServlet.java:974)\r\n	at org.springframework.web.servlet.FrameworkServlet.doPost(FrameworkServlet.java:877)\r\n	at javax.servlet.http.HttpServlet.service(HttpServlet.java:661)\r\n	at org.springframework.web.servlet.FrameworkServlet.service(FrameworkServlet.java:851)\r\n	at javax.servlet.http.HttpServlet.service(HttpServlet.java:742)\r\n	at org.apache.catalina.core.ApplicationFilterChain.internalDoFilter(ApplicationFilterChain.java:231)\r\n	at org.apache.catalina.core.ApplicationFilterChain.doFilter(ApplicationFilterChain.java:166)\r\n	at org.apache.tomcat.websocket.server.WsFilter.doFilter(WsFilter.java:52)\r\n	at org.apache.catalina.core.ApplicationFilterChain.internalDoFilter(ApplicationFilterChain.java:193)\r\n	at org.apache.catalina.core.ApplicationFilterChain.doFilter(ApplicationFilterChain.java:166)\r\n	at org.apache.shiro.web.servlet.ProxiedFilterChain.doFilter(ProxiedFilterChain.java:61)\r\n	at org.apache.shiro.web.servlet.AdviceFilter.executeChain(AdviceFilter.java:108)\r\n	at org.apache.shiro.web.servlet.AdviceFilter.doFilterInternal(AdviceFilter.java:137)\r\n	at org.apache.shiro.web.servlet.OncePerRequestFilter.doFilter(OncePerRequestFilter.java:125)\r\n	at org.apache.shiro.web.servlet.ProxiedFilterChain.doFilter(ProxiedFilterChain.java:66)\r\n	at org.apache.shiro.web.servlet.AbstractShiroFilter.executeChain(AbstractShiroFilter.java:449)\r\n	at org.apache.shiro.web.servlet.AbstractShiroFilterT1.call(AbstractShiroFilter.java:365)\r\n	at org.apache.shiro.subject.support.SubjectCallable.doCall(SubjectCallable.java:90)\r\n	at org.apache.shiro.subject.support.SubjectCallable.call(SubjectCallable.java:83)\r\n	at org.apache.shiro.subject.support.DelegatingSubject.execute(DelegatingSubject.java:387)\r\n	at org.apache.shiro.web.servlet.AbstractShiroFilter.doFilterInternal(AbstractShiroFilter.java:362)\r\n	at org.apache.shiro.web.servlet.OncePerRequestFilter.doFilter(OncePerRequestFilter.java:125)\r\n	at org.apache.catalina.core.ApplicationFilterChain.internalDoFilter(ApplicationFilterChain.java:193)\r\n	at org.apache.catalina.core.ApplicationFilterChain.doFilter(ApplicationFilterChain.java:166)\r\n	at cn.stylefeng.roses.core.xss.XssFilter.doFilter(XssFilter.java:31)\r\n	at org.apache.catalina.core.ApplicationFilterChain.internalDoFilter(ApplicationFilterChain.java:193)\r\n	at org.apache.catalina.core.ApplicationFilterChain.doFilter(ApplicationFilterChain.java:166)\r\n	at com.alibaba.druid.support.http.WebStatFilter.doFilter(WebStatFilter.java:123)\r\n	at org.apache.catalina.core.ApplicationFilterChain.internalDoFilter(ApplicationFilterChain.java:193)\r\n	at org.apache.catalina.core.ApplicationFilterChain.doFilter(ApplicationFilterChain.java:166)\r\n	at org.springframework.web.filter.RequestContextFilter.doFilterInternal(RequestContextFilter.java:99)\r\n	at org.springframework.web.filter.OncePerRequestFilter.doFilter(OncePerRequestFilter.java:107)\r\n	at org.apache.catalina.core.ApplicationFilterChain.internalDoFilter(ApplicationFilterChain.java:193)\r\n	at org.apache.catalina.core.ApplicationFilterChain.doFilter(ApplicationFilterChain.java:166)\r\n	at org.springframework.web.filter.HttpPutFormContentFilter.doFilterInternal(HttpPutFormContentFilter.java:109)\r\n	at org.springframework.web.filter.OncePerRequestFilter.doFilter(OncePerRequestFilter.java:107)\r\n	at org.apache.catalina.core.ApplicationFilterChain.internalDoFilter(ApplicationFilterChain.java:193)\r\n	at org.apache.catalina.core.ApplicationFilterChain.doFilter(ApplicationFilterChain.java:166)\r\n	at org.springframework.web.filter.HiddenHttpMethodFilter.doFilterInternal(HiddenHttpMethodFilter.java:81)\r\n	at org.springframework.web.filter.OncePerRequestFilter.doFilter(OncePerRequestFilter.java:107)\r\n	at org.apache.catalina.core.ApplicationFilterChain.internalDoFilter(ApplicationFilterChain.java:193)\r\n	at org.apache.catalina.core.ApplicationFilterChain.doFilter(ApplicationFilterChain.java:166)\r\n	at org.springframework.web.filter.CharacterEncodingFilter.doFilterInternal(CharacterEncodingFilter.java:200)\r\n	at org.springframework.web.filter.OncePerRequestFilter.doFilter(OncePerRequestFilter.java:107)\r\n	at org.apache.catalina.core.ApplicationFilterChain.internalDoFilter(ApplicationFilterChain.java:193)\r\n	at org.apache.catalina.core.ApplicationFilterChain.doFilter(ApplicationFilterChain.java:166)\r\n	at org.apache.catalina.core.StandardWrapperValve.invoke(StandardWrapperValve.java:198)\r\n	at org.apache.catalina.core.StandardContextValve.invoke(StandardContextValve.java:96)\r\n	at org.apache.catalina.authenticator.AuthenticatorBase.invoke(AuthenticatorBase.java:496)\r\n	at org.apache.catalina.core.StandardHostValve.invoke(StandardHostValve.java:140)\r\n	at org.apache.catalina.valves.ErrorReportValve.invoke(ErrorReportValve.java:81)\r\n	at org.apache.catalina.core.StandardEngineValve.invoke(StandardEngineValve.java:87)\r\n	at org.apache.catalina.connector.CoyoteAdapter.service(CoyoteAdapter.java:342)\r\n	at org.apache.coyote.http11.Http11Processor.service(Http11Processor.java:803)\r\n	at org.apache.coyote.AbstractProcessorLight.process(AbstractProcessorLight.java:66)\r\n	at org.apache.coyote.AbstractProtocolTConnectionHandler.process(AbstractProtocol.java:790)\r\n	at org.apache.tomcat.util.net.NioEndpointTSocketProcessor.doRun(NioEndpoint.java:1459)\r\n	at org.apache.tomcat.util.net.SocketProcessorBase.run(SocketProcessorBase.java:49)\r\n	at java.util.concurrent.ThreadPoolExecutor.runWorker(ThreadPoolExecutor.java:1149)\r\n	at java.util.concurrent.ThreadPoolExecutorTWorker.run(ThreadPoolExecutor.java:624)\r\n	at org.apache.tomcat.util.threads.TaskThreadTWrappingRunnable.run(TaskThread.java:61)\r\n	at java.lang.Thread.run(Thread.java:748)\r\n'),(8,'异常日志','',1,NULL,NULL,'2019-04-26 16:11:08','失败','java.lang.NumberFormatException: For input string: \"\"\r\n	at java.lang.NumberFormatException.forInputString(NumberFormatException.java:65)\r\n	at java.lang.Integer.parseInt(Integer.java:592)\r\n	at java.lang.Integer.valueOf(Integer.java:766)\r\n	at cn.stylefeng.guns.modular.invoice.controller.InvoiceController.delete(InvoiceController.java:91)\r\n	at cn.stylefeng.guns.modular.invoice.controller.InvoiceControllerTTFastClassBySpringCGLIBTT24cd054f.invoke(<generated>)\r\n	at org.springframework.cglib.proxy.MethodProxy.invoke(MethodProxy.java:204)\r\n	at org.springframework.aop.framework.CglibAopProxyTCglibMethodInvocation.invokeJoinpoint(CglibAopProxy.java:747)\r\n	at org.springframework.aop.framework.ReflectiveMethodInvocation.proceed(ReflectiveMethodInvocation.java:163)\r\n	at org.springframework.aop.aspectj.MethodInvocationProceedingJoinPoint.proceed(MethodInvocationProceedingJoinPoint.java:89)\r\n	at cn.stylefeng.guns.core.interceptor.SessionHolderInterceptor.sessionKit(SessionHolderInterceptor.java:44)\r\n	at sun.reflect.NativeMethodAccessorImpl.invoke0(Native Method)\r\n	at sun.reflect.NativeMethodAccessorImpl.invoke(NativeMethodAccessorImpl.java:62)\r\n	at sun.reflect.DelegatingMethodAccessorImpl.invoke(DelegatingMethodAccessorImpl.java:43)\r\n	at java.lang.reflect.Method.invoke(Method.java:498)\r\n	at org.springframework.aop.aspectj.AbstractAspectJAdvice.invokeAdviceMethodWithGivenArgs(AbstractAspectJAdvice.java:644)\r\n	at org.springframework.aop.aspectj.AbstractAspectJAdvice.invokeAdviceMethod(AbstractAspectJAdvice.java:633)\r\n	at org.springframework.aop.aspectj.AspectJAroundAdvice.invoke(AspectJAroundAdvice.java:70)\r\n	at org.springframework.aop.framework.ReflectiveMethodInvocation.proceed(ReflectiveMethodInvocation.java:185)\r\n	at org.springframework.aop.interceptor.ExposeInvocationInterceptor.invoke(ExposeInvocationInterceptor.java:92)\r\n	at org.springframework.aop.framework.ReflectiveMethodInvocation.proceed(ReflectiveMethodInvocation.java:185)\r\n	at org.springframework.aop.framework.CglibAopProxyTDynamicAdvisedInterceptor.intercept(CglibAopProxy.java:689)\r\n	at cn.stylefeng.guns.modular.invoice.controller.InvoiceControllerTTEnhancerBySpringCGLIBTT2d6a73b2.delete(<generated>)\r\n	at sun.reflect.NativeMethodAccessorImpl.invoke0(Native Method)\r\n	at sun.reflect.NativeMethodAccessorImpl.invoke(NativeMethodAccessorImpl.java:62)\r\n	at sun.reflect.DelegatingMethodAccessorImpl.invoke(DelegatingMethodAccessorImpl.java:43)\r\n	at java.lang.reflect.Method.invoke(Method.java:498)\r\n	at org.springframework.web.method.support.InvocableHandlerMethod.doInvoke(InvocableHandlerMethod.java:209)\r\n	at org.springframework.web.method.support.InvocableHandlerMethod.invokeForRequest(InvocableHandlerMethod.java:136)\r\n	at org.springframework.web.servlet.mvc.method.annotation.ServletInvocableHandlerMethod.invokeAndHandle(ServletInvocableHandlerMethod.java:102)\r\n	at org.springframework.web.servlet.mvc.method.annotation.RequestMappingHandlerAdapter.invokeHandlerMethod(RequestMappingHandlerAdapter.java:877)\r\n	at org.springframework.web.servlet.mvc.method.annotation.RequestMappingHandlerAdapter.handleInternal(RequestMappingHandlerAdapter.java:783)\r\n	at org.springframework.web.servlet.mvc.method.AbstractHandlerMethodAdapter.handle(AbstractHandlerMethodAdapter.java:87)\r\n	at org.springframework.web.servlet.DispatcherServlet.doDispatch(DispatcherServlet.java:991)\r\n	at org.springframework.web.servlet.DispatcherServlet.doService(DispatcherServlet.java:925)\r\n	at org.springframework.web.servlet.FrameworkServlet.processRequest(FrameworkServlet.java:974)\r\n	at org.springframework.web.servlet.FrameworkServlet.doPost(FrameworkServlet.java:877)\r\n	at javax.servlet.http.HttpServlet.service(HttpServlet.java:661)\r\n	at org.springframework.web.servlet.FrameworkServlet.service(FrameworkServlet.java:851)\r\n	at javax.servlet.http.HttpServlet.service(HttpServlet.java:742)\r\n	at org.apache.catalina.core.ApplicationFilterChain.internalDoFilter(ApplicationFilterChain.java:231)\r\n	at org.apache.catalina.core.ApplicationFilterChain.doFilter(ApplicationFilterChain.java:166)\r\n	at org.apache.tomcat.websocket.server.WsFilter.doFilter(WsFilter.java:52)\r\n	at org.apache.catalina.core.ApplicationFilterChain.internalDoFilter(ApplicationFilterChain.java:193)\r\n	at org.apache.catalina.core.ApplicationFilterChain.doFilter(ApplicationFilterChain.java:166)\r\n	at org.apache.shiro.web.servlet.ProxiedFilterChain.doFilter(ProxiedFilterChain.java:61)\r\n	at org.apache.shiro.web.servlet.AdviceFilter.executeChain(AdviceFilter.java:108)\r\n	at org.apache.shiro.web.servlet.AdviceFilter.doFilterInternal(AdviceFilter.java:137)\r\n	at org.apache.shiro.web.servlet.OncePerRequestFilter.doFilter(OncePerRequestFilter.java:125)\r\n	at org.apache.shiro.web.servlet.ProxiedFilterChain.doFilter(ProxiedFilterChain.java:66)\r\n	at org.apache.shiro.web.servlet.AbstractShiroFilter.executeChain(AbstractShiroFilter.java:449)\r\n	at org.apache.shiro.web.servlet.AbstractShiroFilterT1.call(AbstractShiroFilter.java:365)\r\n	at org.apache.shiro.subject.support.SubjectCallable.doCall(SubjectCallable.java:90)\r\n	at org.apache.shiro.subject.support.SubjectCallable.call(SubjectCallable.java:83)\r\n	at org.apache.shiro.subject.support.DelegatingSubject.execute(DelegatingSubject.java:387)\r\n	at org.apache.shiro.web.servlet.AbstractShiroFilter.doFilterInternal(AbstractShiroFilter.java:362)\r\n	at org.apache.shiro.web.servlet.OncePerRequestFilter.doFilter(OncePerRequestFilter.java:125)\r\n	at org.apache.catalina.core.ApplicationFilterChain.internalDoFilter(ApplicationFilterChain.java:193)\r\n	at org.apache.catalina.core.ApplicationFilterChain.doFilter(ApplicationFilterChain.java:166)\r\n	at cn.stylefeng.roses.core.xss.XssFilter.doFilter(XssFilter.java:31)\r\n	at org.apache.catalina.core.ApplicationFilterChain.internalDoFilter(ApplicationFilterChain.java:193)\r\n	at org.apache.catalina.core.ApplicationFilterChain.doFilter(ApplicationFilterChain.java:166)\r\n	at com.alibaba.druid.support.http.WebStatFilter.doFilter(WebStatFilter.java:123)\r\n	at org.apache.catalina.core.ApplicationFilterChain.internalDoFilter(ApplicationFilterChain.java:193)\r\n	at org.apache.catalina.core.ApplicationFilterChain.doFilter(ApplicationFilterChain.java:166)\r\n	at org.springframework.web.filter.RequestContextFilter.doFilterInternal(RequestContextFilter.java:99)\r\n	at org.springframework.web.filter.OncePerRequestFilter.doFilter(OncePerRequestFilter.java:107)\r\n	at org.apache.catalina.core.ApplicationFilterChain.internalDoFilter(ApplicationFilterChain.java:193)\r\n	at org.apache.catalina.core.ApplicationFilterChain.doFilter(ApplicationFilterChain.java:166)\r\n	at org.springframework.web.filter.HttpPutFormContentFilter.doFilterInternal(HttpPutFormContentFilter.java:109)\r\n	at org.springframework.web.filter.OncePerRequestFilter.doFilter(OncePerRequestFilter.java:107)\r\n	at org.apache.catalina.core.ApplicationFilterChain.internalDoFilter(ApplicationFilterChain.java:193)\r\n	at org.apache.catalina.core.ApplicationFilterChain.doFilter(ApplicationFilterChain.java:166)\r\n	at org.springframework.web.filter.HiddenHttpMethodFilter.doFilterInternal(HiddenHttpMethodFilter.java:81)\r\n	at org.springframework.web.filter.OncePerRequestFilter.doFilter(OncePerRequestFilter.java:107)\r\n	at org.apache.catalina.core.ApplicationFilterChain.internalDoFilter(ApplicationFilterChain.java:193)\r\n	at org.apache.catalina.core.ApplicationFilterChain.doFilter(ApplicationFilterChain.java:166)\r\n	at org.springframework.web.filter.CharacterEncodingFilter.doFilterInternal(CharacterEncodingFilter.java:200)\r\n	at org.springframework.web.filter.OncePerRequestFilter.doFilter(OncePerRequestFilter.java:107)\r\n	at org.apache.catalina.core.ApplicationFilterChain.internalDoFilter(ApplicationFilterChain.java:193)\r\n	at org.apache.catalina.core.ApplicationFilterChain.doFilter(ApplicationFilterChain.java:166)\r\n	at org.apache.catalina.core.StandardWrapperValve.invoke(StandardWrapperValve.java:198)\r\n	at org.apache.catalina.core.StandardContextValve.invoke(StandardContextValve.java:96)\r\n	at org.apache.catalina.authenticator.AuthenticatorBase.invoke(AuthenticatorBase.java:496)\r\n	at org.apache.catalina.core.StandardHostValve.invoke(StandardHostValve.java:140)\r\n	at org.apache.catalina.valves.ErrorReportValve.invoke(ErrorReportValve.java:81)\r\n	at org.apache.catalina.core.StandardEngineValve.invoke(StandardEngineValve.java:87)\r\n	at org.apache.catalina.connector.CoyoteAdapter.service(CoyoteAdapter.java:342)\r\n	at org.apache.coyote.http11.Http11Processor.service(Http11Processor.java:803)\r\n	at org.apache.coyote.AbstractProcessorLight.process(AbstractProcessorLight.java:66)\r\n	at org.apache.coyote.AbstractProtocolTConnectionHandler.process(AbstractProtocol.java:790)\r\n	at org.apache.tomcat.util.net.NioEndpointTSocketProcessor.doRun(NioEndpoint.java:1459)\r\n	at org.apache.tomcat.util.net.SocketProcessorBase.run(SocketProcessorBase.java:49)\r\n	at java.util.concurrent.ThreadPoolExecutor.runWorker(ThreadPoolExecutor.java:1149)\r\n	at java.util.concurrent.ThreadPoolExecutorTWorker.run(ThreadPoolExecutor.java:624)\r\n	at org.apache.tomcat.util.threads.TaskThreadTWrappingRunnable.run(TaskThread.java:61)\r\n	at java.lang.Thread.run(Thread.java:748)\r\n'),(9,'异常日志','',1,NULL,NULL,'2019-04-26 16:12:33','失败','java.lang.NumberFormatException: For input string: \"\"\r\n	at java.lang.NumberFormatException.forInputString(NumberFormatException.java:65)\r\n	at java.lang.Integer.parseInt(Integer.java:592)\r\n	at java.lang.Integer.valueOf(Integer.java:766)\r\n	at cn.stylefeng.guns.modular.invoice.controller.InvoiceController.delete(InvoiceController.java:91)\r\n	at cn.stylefeng.guns.modular.invoice.controller.InvoiceControllerTTFastClassBySpringCGLIBTT24cd054f.invoke(<generated>)\r\n	at org.springframework.cglib.proxy.MethodProxy.invoke(MethodProxy.java:204)\r\n	at org.springframework.aop.framework.CglibAopProxyTCglibMethodInvocation.invokeJoinpoint(CglibAopProxy.java:747)\r\n	at org.springframework.aop.framework.ReflectiveMethodInvocation.proceed(ReflectiveMethodInvocation.java:163)\r\n	at org.springframework.aop.aspectj.MethodInvocationProceedingJoinPoint.proceed(MethodInvocationProceedingJoinPoint.java:89)\r\n	at cn.stylefeng.guns.core.interceptor.SessionHolderInterceptor.sessionKit(SessionHolderInterceptor.java:44)\r\n	at sun.reflect.NativeMethodAccessorImpl.invoke0(Native Method)\r\n	at sun.reflect.NativeMethodAccessorImpl.invoke(NativeMethodAccessorImpl.java:62)\r\n	at sun.reflect.DelegatingMethodAccessorImpl.invoke(DelegatingMethodAccessorImpl.java:43)\r\n	at java.lang.reflect.Method.invoke(Method.java:498)\r\n	at org.springframework.aop.aspectj.AbstractAspectJAdvice.invokeAdviceMethodWithGivenArgs(AbstractAspectJAdvice.java:644)\r\n	at org.springframework.aop.aspectj.AbstractAspectJAdvice.invokeAdviceMethod(AbstractAspectJAdvice.java:633)\r\n	at org.springframework.aop.aspectj.AspectJAroundAdvice.invoke(AspectJAroundAdvice.java:70)\r\n	at org.springframework.aop.framework.ReflectiveMethodInvocation.proceed(ReflectiveMethodInvocation.java:185)\r\n	at org.springframework.aop.interceptor.ExposeInvocationInterceptor.invoke(ExposeInvocationInterceptor.java:92)\r\n	at org.springframework.aop.framework.ReflectiveMethodInvocation.proceed(ReflectiveMethodInvocation.java:185)\r\n	at org.springframework.aop.framework.CglibAopProxyTDynamicAdvisedInterceptor.intercept(CglibAopProxy.java:689)\r\n	at cn.stylefeng.guns.modular.invoice.controller.InvoiceControllerTTEnhancerBySpringCGLIBTT2d6a73b2.delete(<generated>)\r\n	at sun.reflect.NativeMethodAccessorImpl.invoke0(Native Method)\r\n	at sun.reflect.NativeMethodAccessorImpl.invoke(NativeMethodAccessorImpl.java:62)\r\n	at sun.reflect.DelegatingMethodAccessorImpl.invoke(DelegatingMethodAccessorImpl.java:43)\r\n	at java.lang.reflect.Method.invoke(Method.java:498)\r\n	at org.springframework.web.method.support.InvocableHandlerMethod.doInvoke(InvocableHandlerMethod.java:209)\r\n	at org.springframework.web.method.support.InvocableHandlerMethod.invokeForRequest(InvocableHandlerMethod.java:136)\r\n	at org.springframework.web.servlet.mvc.method.annotation.ServletInvocableHandlerMethod.invokeAndHandle(ServletInvocableHandlerMethod.java:102)\r\n	at org.springframework.web.servlet.mvc.method.annotation.RequestMappingHandlerAdapter.invokeHandlerMethod(RequestMappingHandlerAdapter.java:877)\r\n	at org.springframework.web.servlet.mvc.method.annotation.RequestMappingHandlerAdapter.handleInternal(RequestMappingHandlerAdapter.java:783)\r\n	at org.springframework.web.servlet.mvc.method.AbstractHandlerMethodAdapter.handle(AbstractHandlerMethodAdapter.java:87)\r\n	at org.springframework.web.servlet.DispatcherServlet.doDispatch(DispatcherServlet.java:991)\r\n	at org.springframework.web.servlet.DispatcherServlet.doService(DispatcherServlet.java:925)\r\n	at org.springframework.web.servlet.FrameworkServlet.processRequest(FrameworkServlet.java:974)\r\n	at org.springframework.web.servlet.FrameworkServlet.doPost(FrameworkServlet.java:877)\r\n	at javax.servlet.http.HttpServlet.service(HttpServlet.java:661)\r\n	at org.springframework.web.servlet.FrameworkServlet.service(FrameworkServlet.java:851)\r\n	at javax.servlet.http.HttpServlet.service(HttpServlet.java:742)\r\n	at org.apache.catalina.core.ApplicationFilterChain.internalDoFilter(ApplicationFilterChain.java:231)\r\n	at org.apache.catalina.core.ApplicationFilterChain.doFilter(ApplicationFilterChain.java:166)\r\n	at org.apache.tomcat.websocket.server.WsFilter.doFilter(WsFilter.java:52)\r\n	at org.apache.catalina.core.ApplicationFilterChain.internalDoFilter(ApplicationFilterChain.java:193)\r\n	at org.apache.catalina.core.ApplicationFilterChain.doFilter(ApplicationFilterChain.java:166)\r\n	at org.apache.shiro.web.servlet.ProxiedFilterChain.doFilter(ProxiedFilterChain.java:61)\r\n	at org.apache.shiro.web.servlet.AdviceFilter.executeChain(AdviceFilter.java:108)\r\n	at org.apache.shiro.web.servlet.AdviceFilter.doFilterInternal(AdviceFilter.java:137)\r\n	at org.apache.shiro.web.servlet.OncePerRequestFilter.doFilter(OncePerRequestFilter.java:125)\r\n	at org.apache.shiro.web.servlet.ProxiedFilterChain.doFilter(ProxiedFilterChain.java:66)\r\n	at org.apache.shiro.web.servlet.AbstractShiroFilter.executeChain(AbstractShiroFilter.java:449)\r\n	at org.apache.shiro.web.servlet.AbstractShiroFilterT1.call(AbstractShiroFilter.java:365)\r\n	at org.apache.shiro.subject.support.SubjectCallable.doCall(SubjectCallable.java:90)\r\n	at org.apache.shiro.subject.support.SubjectCallable.call(SubjectCallable.java:83)\r\n	at org.apache.shiro.subject.support.DelegatingSubject.execute(DelegatingSubject.java:387)\r\n	at org.apache.shiro.web.servlet.AbstractShiroFilter.doFilterInternal(AbstractShiroFilter.java:362)\r\n	at org.apache.shiro.web.servlet.OncePerRequestFilter.doFilter(OncePerRequestFilter.java:125)\r\n	at org.apache.catalina.core.ApplicationFilterChain.internalDoFilter(ApplicationFilterChain.java:193)\r\n	at org.apache.catalina.core.ApplicationFilterChain.doFilter(ApplicationFilterChain.java:166)\r\n	at cn.stylefeng.roses.core.xss.XssFilter.doFilter(XssFilter.java:31)\r\n	at org.apache.catalina.core.ApplicationFilterChain.internalDoFilter(ApplicationFilterChain.java:193)\r\n	at org.apache.catalina.core.ApplicationFilterChain.doFilter(ApplicationFilterChain.java:166)\r\n	at com.alibaba.druid.support.http.WebStatFilter.doFilter(WebStatFilter.java:123)\r\n	at org.apache.catalina.core.ApplicationFilterChain.internalDoFilter(ApplicationFilterChain.java:193)\r\n	at org.apache.catalina.core.ApplicationFilterChain.doFilter(ApplicationFilterChain.java:166)\r\n	at org.springframework.web.filter.RequestContextFilter.doFilterInternal(RequestContextFilter.java:99)\r\n	at org.springframework.web.filter.OncePerRequestFilter.doFilter(OncePerRequestFilter.java:107)\r\n	at org.apache.catalina.core.ApplicationFilterChain.internalDoFilter(ApplicationFilterChain.java:193)\r\n	at org.apache.catalina.core.ApplicationFilterChain.doFilter(ApplicationFilterChain.java:166)\r\n	at org.springframework.web.filter.HttpPutFormContentFilter.doFilterInternal(HttpPutFormContentFilter.java:109)\r\n	at org.springframework.web.filter.OncePerRequestFilter.doFilter(OncePerRequestFilter.java:107)\r\n	at org.apache.catalina.core.ApplicationFilterChain.internalDoFilter(ApplicationFilterChain.java:193)\r\n	at org.apache.catalina.core.ApplicationFilterChain.doFilter(ApplicationFilterChain.java:166)\r\n	at org.springframework.web.filter.HiddenHttpMethodFilter.doFilterInternal(HiddenHttpMethodFilter.java:81)\r\n	at org.springframework.web.filter.OncePerRequestFilter.doFilter(OncePerRequestFilter.java:107)\r\n	at org.apache.catalina.core.ApplicationFilterChain.internalDoFilter(ApplicationFilterChain.java:193)\r\n	at org.apache.catalina.core.ApplicationFilterChain.doFilter(ApplicationFilterChain.java:166)\r\n	at org.springframework.web.filter.CharacterEncodingFilter.doFilterInternal(CharacterEncodingFilter.java:200)\r\n	at org.springframework.web.filter.OncePerRequestFilter.doFilter(OncePerRequestFilter.java:107)\r\n	at org.apache.catalina.core.ApplicationFilterChain.internalDoFilter(ApplicationFilterChain.java:193)\r\n	at org.apache.catalina.core.ApplicationFilterChain.doFilter(ApplicationFilterChain.java:166)\r\n	at org.apache.catalina.core.StandardWrapperValve.invoke(StandardWrapperValve.java:198)\r\n	at org.apache.catalina.core.StandardContextValve.invoke(StandardContextValve.java:96)\r\n	at org.apache.catalina.authenticator.AuthenticatorBase.invoke(AuthenticatorBase.java:496)\r\n	at org.apache.catalina.core.StandardHostValve.invoke(StandardHostValve.java:140)\r\n	at org.apache.catalina.valves.ErrorReportValve.invoke(ErrorReportValve.java:81)\r\n	at org.apache.catalina.core.StandardEngineValve.invoke(StandardEngineValve.java:87)\r\n	at org.apache.catalina.connector.CoyoteAdapter.service(CoyoteAdapter.java:342)\r\n	at org.apache.coyote.http11.Http11Processor.service(Http11Processor.java:803)\r\n	at org.apache.coyote.AbstractProcessorLight.process(AbstractProcessorLight.java:66)\r\n	at org.apache.coyote.AbstractProtocolTConnectionHandler.process(AbstractProtocol.java:790)\r\n	at org.apache.tomcat.util.net.NioEndpointTSocketProcessor.doRun(NioEndpoint.java:1459)\r\n	at org.apache.tomcat.util.net.SocketProcessorBase.run(SocketProcessorBase.java:49)\r\n	at java.util.concurrent.ThreadPoolExecutor.runWorker(ThreadPoolExecutor.java:1149)\r\n	at java.util.concurrent.ThreadPoolExecutorTWorker.run(ThreadPoolExecutor.java:624)\r\n	at org.apache.tomcat.util.threads.TaskThreadTWrappingRunnable.run(TaskThread.java:61)\r\n	at java.lang.Thread.run(Thread.java:748)\r\n'),(10,'异常日志','',1,NULL,NULL,'2019-04-26 16:13:29','失败','java.lang.NumberFormatException: For input string: \"\"\r\n	at java.lang.NumberFormatException.forInputString(NumberFormatException.java:65)\r\n	at java.lang.Integer.parseInt(Integer.java:592)\r\n	at java.lang.Integer.valueOf(Integer.java:766)\r\n	at cn.stylefeng.guns.modular.invoice.controller.InvoiceController.delete(InvoiceController.java:91)\r\n	at cn.stylefeng.guns.modular.invoice.controller.InvoiceControllerTTFastClassBySpringCGLIBTT24cd054f.invoke(<generated>)\r\n	at org.springframework.cglib.proxy.MethodProxy.invoke(MethodProxy.java:204)\r\n	at org.springframework.aop.framework.CglibAopProxyTCglibMethodInvocation.invokeJoinpoint(CglibAopProxy.java:747)\r\n	at org.springframework.aop.framework.ReflectiveMethodInvocation.proceed(ReflectiveMethodInvocation.java:163)\r\n	at org.springframework.aop.aspectj.MethodInvocationProceedingJoinPoint.proceed(MethodInvocationProceedingJoinPoint.java:89)\r\n	at cn.stylefeng.guns.core.interceptor.SessionHolderInterceptor.sessionKit(SessionHolderInterceptor.java:44)\r\n	at sun.reflect.NativeMethodAccessorImpl.invoke0(Native Method)\r\n	at sun.reflect.NativeMethodAccessorImpl.invoke(NativeMethodAccessorImpl.java:62)\r\n	at sun.reflect.DelegatingMethodAccessorImpl.invoke(DelegatingMethodAccessorImpl.java:43)\r\n	at java.lang.reflect.Method.invoke(Method.java:498)\r\n	at org.springframework.aop.aspectj.AbstractAspectJAdvice.invokeAdviceMethodWithGivenArgs(AbstractAspectJAdvice.java:644)\r\n	at org.springframework.aop.aspectj.AbstractAspectJAdvice.invokeAdviceMethod(AbstractAspectJAdvice.java:633)\r\n	at org.springframework.aop.aspectj.AspectJAroundAdvice.invoke(AspectJAroundAdvice.java:70)\r\n	at org.springframework.aop.framework.ReflectiveMethodInvocation.proceed(ReflectiveMethodInvocation.java:185)\r\n	at org.springframework.aop.interceptor.ExposeInvocationInterceptor.invoke(ExposeInvocationInterceptor.java:92)\r\n	at org.springframework.aop.framework.ReflectiveMethodInvocation.proceed(ReflectiveMethodInvocation.java:185)\r\n	at org.springframework.aop.framework.CglibAopProxyTDynamicAdvisedInterceptor.intercept(CglibAopProxy.java:689)\r\n	at cn.stylefeng.guns.modular.invoice.controller.InvoiceControllerTTEnhancerBySpringCGLIBTT2d6a73b2.delete(<generated>)\r\n	at sun.reflect.NativeMethodAccessorImpl.invoke0(Native Method)\r\n	at sun.reflect.NativeMethodAccessorImpl.invoke(NativeMethodAccessorImpl.java:62)\r\n	at sun.reflect.DelegatingMethodAccessorImpl.invoke(DelegatingMethodAccessorImpl.java:43)\r\n	at java.lang.reflect.Method.invoke(Method.java:498)\r\n	at org.springframework.web.method.support.InvocableHandlerMethod.doInvoke(InvocableHandlerMethod.java:209)\r\n	at org.springframework.web.method.support.InvocableHandlerMethod.invokeForRequest(InvocableHandlerMethod.java:136)\r\n	at org.springframework.web.servlet.mvc.method.annotation.ServletInvocableHandlerMethod.invokeAndHandle(ServletInvocableHandlerMethod.java:102)\r\n	at org.springframework.web.servlet.mvc.method.annotation.RequestMappingHandlerAdapter.invokeHandlerMethod(RequestMappingHandlerAdapter.java:877)\r\n	at org.springframework.web.servlet.mvc.method.annotation.RequestMappingHandlerAdapter.handleInternal(RequestMappingHandlerAdapter.java:783)\r\n	at org.springframework.web.servlet.mvc.method.AbstractHandlerMethodAdapter.handle(AbstractHandlerMethodAdapter.java:87)\r\n	at org.springframework.web.servlet.DispatcherServlet.doDispatch(DispatcherServlet.java:991)\r\n	at org.springframework.web.servlet.DispatcherServlet.doService(DispatcherServlet.java:925)\r\n	at org.springframework.web.servlet.FrameworkServlet.processRequest(FrameworkServlet.java:974)\r\n	at org.springframework.web.servlet.FrameworkServlet.doPost(FrameworkServlet.java:877)\r\n	at javax.servlet.http.HttpServlet.service(HttpServlet.java:661)\r\n	at org.springframework.web.servlet.FrameworkServlet.service(FrameworkServlet.java:851)\r\n	at javax.servlet.http.HttpServlet.service(HttpServlet.java:742)\r\n	at org.apache.catalina.core.ApplicationFilterChain.internalDoFilter(ApplicationFilterChain.java:231)\r\n	at org.apache.catalina.core.ApplicationFilterChain.doFilter(ApplicationFilterChain.java:166)\r\n	at org.apache.tomcat.websocket.server.WsFilter.doFilter(WsFilter.java:52)\r\n	at org.apache.catalina.core.ApplicationFilterChain.internalDoFilter(ApplicationFilterChain.java:193)\r\n	at org.apache.catalina.core.ApplicationFilterChain.doFilter(ApplicationFilterChain.java:166)\r\n	at org.apache.shiro.web.servlet.ProxiedFilterChain.doFilter(ProxiedFilterChain.java:61)\r\n	at org.apache.shiro.web.servlet.AdviceFilter.executeChain(AdviceFilter.java:108)\r\n	at org.apache.shiro.web.servlet.AdviceFilter.doFilterInternal(AdviceFilter.java:137)\r\n	at org.apache.shiro.web.servlet.OncePerRequestFilter.doFilter(OncePerRequestFilter.java:125)\r\n	at org.apache.shiro.web.servlet.ProxiedFilterChain.doFilter(ProxiedFilterChain.java:66)\r\n	at org.apache.shiro.web.servlet.AbstractShiroFilter.executeChain(AbstractShiroFilter.java:449)\r\n	at org.apache.shiro.web.servlet.AbstractShiroFilterT1.call(AbstractShiroFilter.java:365)\r\n	at org.apache.shiro.subject.support.SubjectCallable.doCall(SubjectCallable.java:90)\r\n	at org.apache.shiro.subject.support.SubjectCallable.call(SubjectCallable.java:83)\r\n	at org.apache.shiro.subject.support.DelegatingSubject.execute(DelegatingSubject.java:387)\r\n	at org.apache.shiro.web.servlet.AbstractShiroFilter.doFilterInternal(AbstractShiroFilter.java:362)\r\n	at org.apache.shiro.web.servlet.OncePerRequestFilter.doFilter(OncePerRequestFilter.java:125)\r\n	at org.apache.catalina.core.ApplicationFilterChain.internalDoFilter(ApplicationFilterChain.java:193)\r\n	at org.apache.catalina.core.ApplicationFilterChain.doFilter(ApplicationFilterChain.java:166)\r\n	at cn.stylefeng.roses.core.xss.XssFilter.doFilter(XssFilter.java:31)\r\n	at org.apache.catalina.core.ApplicationFilterChain.internalDoFilter(ApplicationFilterChain.java:193)\r\n	at org.apache.catalina.core.ApplicationFilterChain.doFilter(ApplicationFilterChain.java:166)\r\n	at com.alibaba.druid.support.http.WebStatFilter.doFilter(WebStatFilter.java:123)\r\n	at org.apache.catalina.core.ApplicationFilterChain.internalDoFilter(ApplicationFilterChain.java:193)\r\n	at org.apache.catalina.core.ApplicationFilterChain.doFilter(ApplicationFilterChain.java:166)\r\n	at org.springframework.web.filter.RequestContextFilter.doFilterInternal(RequestContextFilter.java:99)\r\n	at org.springframework.web.filter.OncePerRequestFilter.doFilter(OncePerRequestFilter.java:107)\r\n	at org.apache.catalina.core.ApplicationFilterChain.internalDoFilter(ApplicationFilterChain.java:193)\r\n	at org.apache.catalina.core.ApplicationFilterChain.doFilter(ApplicationFilterChain.java:166)\r\n	at org.springframework.web.filter.HttpPutFormContentFilter.doFilterInternal(HttpPutFormContentFilter.java:109)\r\n	at org.springframework.web.filter.OncePerRequestFilter.doFilter(OncePerRequestFilter.java:107)\r\n	at org.apache.catalina.core.ApplicationFilterChain.internalDoFilter(ApplicationFilterChain.java:193)\r\n	at org.apache.catalina.core.ApplicationFilterChain.doFilter(ApplicationFilterChain.java:166)\r\n	at org.springframework.web.filter.HiddenHttpMethodFilter.doFilterInternal(HiddenHttpMethodFilter.java:81)\r\n	at org.springframework.web.filter.OncePerRequestFilter.doFilter(OncePerRequestFilter.java:107)\r\n	at org.apache.catalina.core.ApplicationFilterChain.internalDoFilter(ApplicationFilterChain.java:193)\r\n	at org.apache.catalina.core.ApplicationFilterChain.doFilter(ApplicationFilterChain.java:166)\r\n	at org.springframework.web.filter.CharacterEncodingFilter.doFilterInternal(CharacterEncodingFilter.java:200)\r\n	at org.springframework.web.filter.OncePerRequestFilter.doFilter(OncePerRequestFilter.java:107)\r\n	at org.apache.catalina.core.ApplicationFilterChain.internalDoFilter(ApplicationFilterChain.java:193)\r\n	at org.apache.catalina.core.ApplicationFilterChain.doFilter(ApplicationFilterChain.java:166)\r\n	at org.apache.catalina.core.StandardWrapperValve.invoke(StandardWrapperValve.java:198)\r\n	at org.apache.catalina.core.StandardContextValve.invoke(StandardContextValve.java:96)\r\n	at org.apache.catalina.authenticator.AuthenticatorBase.invoke(AuthenticatorBase.java:496)\r\n	at org.apache.catalina.core.StandardHostValve.invoke(StandardHostValve.java:140)\r\n	at org.apache.catalina.valves.ErrorReportValve.invoke(ErrorReportValve.java:81)\r\n	at org.apache.catalina.core.StandardEngineValve.invoke(StandardEngineValve.java:87)\r\n	at org.apache.catalina.connector.CoyoteAdapter.service(CoyoteAdapter.java:342)\r\n	at org.apache.coyote.http11.Http11Processor.service(Http11Processor.java:803)\r\n	at org.apache.coyote.AbstractProcessorLight.process(AbstractProcessorLight.java:66)\r\n	at org.apache.coyote.AbstractProtocolTConnectionHandler.process(AbstractProtocol.java:790)\r\n	at org.apache.tomcat.util.net.NioEndpointTSocketProcessor.doRun(NioEndpoint.java:1459)\r\n	at org.apache.tomcat.util.net.SocketProcessorBase.run(SocketProcessorBase.java:49)\r\n	at java.util.concurrent.ThreadPoolExecutor.runWorker(ThreadPoolExecutor.java:1149)\r\n	at java.util.concurrent.ThreadPoolExecutorTWorker.run(ThreadPoolExecutor.java:624)\r\n	at org.apache.tomcat.util.threads.TaskThreadTWrappingRunnable.run(TaskThread.java:61)\r\n	at java.lang.Thread.run(Thread.java:748)\r\n'),(11,'异常日志','',1,NULL,NULL,'2019-04-26 16:14:47','失败','java.lang.NumberFormatException: For input string: \"\"\r\n	at java.lang.NumberFormatException.forInputString(NumberFormatException.java:65)\r\n	at java.lang.Integer.parseInt(Integer.java:592)\r\n	at java.lang.Integer.valueOf(Integer.java:766)\r\n	at cn.stylefeng.guns.modular.invoice.controller.InvoiceController.delete(InvoiceController.java:91)\r\n	at cn.stylefeng.guns.modular.invoice.controller.InvoiceControllerTTFastClassBySpringCGLIBTT24cd054f.invoke(<generated>)\r\n	at org.springframework.cglib.proxy.MethodProxy.invoke(MethodProxy.java:204)\r\n	at org.springframework.aop.framework.CglibAopProxyTCglibMethodInvocation.invokeJoinpoint(CglibAopProxy.java:747)\r\n	at org.springframework.aop.framework.ReflectiveMethodInvocation.proceed(ReflectiveMethodInvocation.java:163)\r\n	at org.springframework.aop.aspectj.MethodInvocationProceedingJoinPoint.proceed(MethodInvocationProceedingJoinPoint.java:89)\r\n	at cn.stylefeng.guns.core.interceptor.SessionHolderInterceptor.sessionKit(SessionHolderInterceptor.java:44)\r\n	at sun.reflect.NativeMethodAccessorImpl.invoke0(Native Method)\r\n	at sun.reflect.NativeMethodAccessorImpl.invoke(NativeMethodAccessorImpl.java:62)\r\n	at sun.reflect.DelegatingMethodAccessorImpl.invoke(DelegatingMethodAccessorImpl.java:43)\r\n	at java.lang.reflect.Method.invoke(Method.java:498)\r\n	at org.springframework.aop.aspectj.AbstractAspectJAdvice.invokeAdviceMethodWithGivenArgs(AbstractAspectJAdvice.java:644)\r\n	at org.springframework.aop.aspectj.AbstractAspectJAdvice.invokeAdviceMethod(AbstractAspectJAdvice.java:633)\r\n	at org.springframework.aop.aspectj.AspectJAroundAdvice.invoke(AspectJAroundAdvice.java:70)\r\n	at org.springframework.aop.framework.ReflectiveMethodInvocation.proceed(ReflectiveMethodInvocation.java:185)\r\n	at org.springframework.aop.interceptor.ExposeInvocationInterceptor.invoke(ExposeInvocationInterceptor.java:92)\r\n	at org.springframework.aop.framework.ReflectiveMethodInvocation.proceed(ReflectiveMethodInvocation.java:185)\r\n	at org.springframework.aop.framework.CglibAopProxyTDynamicAdvisedInterceptor.intercept(CglibAopProxy.java:689)\r\n	at cn.stylefeng.guns.modular.invoice.controller.InvoiceControllerTTEnhancerBySpringCGLIBTT2d6a73b2.delete(<generated>)\r\n	at sun.reflect.NativeMethodAccessorImpl.invoke0(Native Method)\r\n	at sun.reflect.NativeMethodAccessorImpl.invoke(NativeMethodAccessorImpl.java:62)\r\n	at sun.reflect.DelegatingMethodAccessorImpl.invoke(DelegatingMethodAccessorImpl.java:43)\r\n	at java.lang.reflect.Method.invoke(Method.java:498)\r\n	at org.springframework.web.method.support.InvocableHandlerMethod.doInvoke(InvocableHandlerMethod.java:209)\r\n	at org.springframework.web.method.support.InvocableHandlerMethod.invokeForRequest(InvocableHandlerMethod.java:136)\r\n	at org.springframework.web.servlet.mvc.method.annotation.ServletInvocableHandlerMethod.invokeAndHandle(ServletInvocableHandlerMethod.java:102)\r\n	at org.springframework.web.servlet.mvc.method.annotation.RequestMappingHandlerAdapter.invokeHandlerMethod(RequestMappingHandlerAdapter.java:877)\r\n	at org.springframework.web.servlet.mvc.method.annotation.RequestMappingHandlerAdapter.handleInternal(RequestMappingHandlerAdapter.java:783)\r\n	at org.springframework.web.servlet.mvc.method.AbstractHandlerMethodAdapter.handle(AbstractHandlerMethodAdapter.java:87)\r\n	at org.springframework.web.servlet.DispatcherServlet.doDispatch(DispatcherServlet.java:991)\r\n	at org.springframework.web.servlet.DispatcherServlet.doService(DispatcherServlet.java:925)\r\n	at org.springframework.web.servlet.FrameworkServlet.processRequest(FrameworkServlet.java:974)\r\n	at org.springframework.web.servlet.FrameworkServlet.doPost(FrameworkServlet.java:877)\r\n	at javax.servlet.http.HttpServlet.service(HttpServlet.java:661)\r\n	at org.springframework.web.servlet.FrameworkServlet.service(FrameworkServlet.java:851)\r\n	at javax.servlet.http.HttpServlet.service(HttpServlet.java:742)\r\n	at org.apache.catalina.core.ApplicationFilterChain.internalDoFilter(ApplicationFilterChain.java:231)\r\n	at org.apache.catalina.core.ApplicationFilterChain.doFilter(ApplicationFilterChain.java:166)\r\n	at org.apache.tomcat.websocket.server.WsFilter.doFilter(WsFilter.java:52)\r\n	at org.apache.catalina.core.ApplicationFilterChain.internalDoFilter(ApplicationFilterChain.java:193)\r\n	at org.apache.catalina.core.ApplicationFilterChain.doFilter(ApplicationFilterChain.java:166)\r\n	at org.apache.shiro.web.servlet.ProxiedFilterChain.doFilter(ProxiedFilterChain.java:61)\r\n	at org.apache.shiro.web.servlet.AdviceFilter.executeChain(AdviceFilter.java:108)\r\n	at org.apache.shiro.web.servlet.AdviceFilter.doFilterInternal(AdviceFilter.java:137)\r\n	at org.apache.shiro.web.servlet.OncePerRequestFilter.doFilter(OncePerRequestFilter.java:125)\r\n	at org.apache.shiro.web.servlet.ProxiedFilterChain.doFilter(ProxiedFilterChain.java:66)\r\n	at org.apache.shiro.web.servlet.AbstractShiroFilter.executeChain(AbstractShiroFilter.java:449)\r\n	at org.apache.shiro.web.servlet.AbstractShiroFilterT1.call(AbstractShiroFilter.java:365)\r\n	at org.apache.shiro.subject.support.SubjectCallable.doCall(SubjectCallable.java:90)\r\n	at org.apache.shiro.subject.support.SubjectCallable.call(SubjectCallable.java:83)\r\n	at org.apache.shiro.subject.support.DelegatingSubject.execute(DelegatingSubject.java:387)\r\n	at org.apache.shiro.web.servlet.AbstractShiroFilter.doFilterInternal(AbstractShiroFilter.java:362)\r\n	at org.apache.shiro.web.servlet.OncePerRequestFilter.doFilter(OncePerRequestFilter.java:125)\r\n	at org.apache.catalina.core.ApplicationFilterChain.internalDoFilter(ApplicationFilterChain.java:193)\r\n	at org.apache.catalina.core.ApplicationFilterChain.doFilter(ApplicationFilterChain.java:166)\r\n	at cn.stylefeng.roses.core.xss.XssFilter.doFilter(XssFilter.java:31)\r\n	at org.apache.catalina.core.ApplicationFilterChain.internalDoFilter(ApplicationFilterChain.java:193)\r\n	at org.apache.catalina.core.ApplicationFilterChain.doFilter(ApplicationFilterChain.java:166)\r\n	at com.alibaba.druid.support.http.WebStatFilter.doFilter(WebStatFilter.java:123)\r\n	at org.apache.catalina.core.ApplicationFilterChain.internalDoFilter(ApplicationFilterChain.java:193)\r\n	at org.apache.catalina.core.ApplicationFilterChain.doFilter(ApplicationFilterChain.java:166)\r\n	at org.springframework.web.filter.RequestContextFilter.doFilterInternal(RequestContextFilter.java:99)\r\n	at org.springframework.web.filter.OncePerRequestFilter.doFilter(OncePerRequestFilter.java:107)\r\n	at org.apache.catalina.core.ApplicationFilterChain.internalDoFilter(ApplicationFilterChain.java:193)\r\n	at org.apache.catalina.core.ApplicationFilterChain.doFilter(ApplicationFilterChain.java:166)\r\n	at org.springframework.web.filter.HttpPutFormContentFilter.doFilterInternal(HttpPutFormContentFilter.java:109)\r\n	at org.springframework.web.filter.OncePerRequestFilter.doFilter(OncePerRequestFilter.java:107)\r\n	at org.apache.catalina.core.ApplicationFilterChain.internalDoFilter(ApplicationFilterChain.java:193)\r\n	at org.apache.catalina.core.ApplicationFilterChain.doFilter(ApplicationFilterChain.java:166)\r\n	at org.springframework.web.filter.HiddenHttpMethodFilter.doFilterInternal(HiddenHttpMethodFilter.java:81)\r\n	at org.springframework.web.filter.OncePerRequestFilter.doFilter(OncePerRequestFilter.java:107)\r\n	at org.apache.catalina.core.ApplicationFilterChain.internalDoFilter(ApplicationFilterChain.java:193)\r\n	at org.apache.catalina.core.ApplicationFilterChain.doFilter(ApplicationFilterChain.java:166)\r\n	at org.springframework.web.filter.CharacterEncodingFilter.doFilterInternal(CharacterEncodingFilter.java:200)\r\n	at org.springframework.web.filter.OncePerRequestFilter.doFilter(OncePerRequestFilter.java:107)\r\n	at org.apache.catalina.core.ApplicationFilterChain.internalDoFilter(ApplicationFilterChain.java:193)\r\n	at org.apache.catalina.core.ApplicationFilterChain.doFilter(ApplicationFilterChain.java:166)\r\n	at org.apache.catalina.core.StandardWrapperValve.invoke(StandardWrapperValve.java:198)\r\n	at org.apache.catalina.core.StandardContextValve.invoke(StandardContextValve.java:96)\r\n	at org.apache.catalina.authenticator.AuthenticatorBase.invoke(AuthenticatorBase.java:496)\r\n	at org.apache.catalina.core.StandardHostValve.invoke(StandardHostValve.java:140)\r\n	at org.apache.catalina.valves.ErrorReportValve.invoke(ErrorReportValve.java:81)\r\n	at org.apache.catalina.core.StandardEngineValve.invoke(StandardEngineValve.java:87)\r\n	at org.apache.catalina.connector.CoyoteAdapter.service(CoyoteAdapter.java:342)\r\n	at org.apache.coyote.http11.Http11Processor.service(Http11Processor.java:803)\r\n	at org.apache.coyote.AbstractProcessorLight.process(AbstractProcessorLight.java:66)\r\n	at org.apache.coyote.AbstractProtocolTConnectionHandler.process(AbstractProtocol.java:790)\r\n	at org.apache.tomcat.util.net.NioEndpointTSocketProcessor.doRun(NioEndpoint.java:1459)\r\n	at org.apache.tomcat.util.net.SocketProcessorBase.run(SocketProcessorBase.java:49)\r\n	at java.util.concurrent.ThreadPoolExecutor.runWorker(ThreadPoolExecutor.java:1149)\r\n	at java.util.concurrent.ThreadPoolExecutorTWorker.run(ThreadPoolExecutor.java:624)\r\n	at org.apache.tomcat.util.threads.TaskThreadTWrappingRunnable.run(TaskThread.java:61)\r\n	at java.lang.Thread.run(Thread.java:748)\r\n'),(12,'异常日志','',1,NULL,NULL,'2019-04-26 16:15:42','失败','java.lang.NumberFormatException: For input string: \"\"\r\n	at java.lang.NumberFormatException.forInputString(NumberFormatException.java:65)\r\n	at java.lang.Integer.parseInt(Integer.java:592)\r\n	at java.lang.Integer.valueOf(Integer.java:766)\r\n	at cn.stylefeng.guns.modular.invoice.controller.InvoiceController.delete(InvoiceController.java:91)\r\n	at cn.stylefeng.guns.modular.invoice.controller.InvoiceControllerTTFastClassBySpringCGLIBTT24cd054f.invoke(<generated>)\r\n	at org.springframework.cglib.proxy.MethodProxy.invoke(MethodProxy.java:204)\r\n	at org.springframework.aop.framework.CglibAopProxyTCglibMethodInvocation.invokeJoinpoint(CglibAopProxy.java:747)\r\n	at org.springframework.aop.framework.ReflectiveMethodInvocation.proceed(ReflectiveMethodInvocation.java:163)\r\n	at org.springframework.aop.aspectj.MethodInvocationProceedingJoinPoint.proceed(MethodInvocationProceedingJoinPoint.java:89)\r\n	at cn.stylefeng.guns.core.interceptor.SessionHolderInterceptor.sessionKit(SessionHolderInterceptor.java:44)\r\n	at sun.reflect.NativeMethodAccessorImpl.invoke0(Native Method)\r\n	at sun.reflect.NativeMethodAccessorImpl.invoke(NativeMethodAccessorImpl.java:62)\r\n	at sun.reflect.DelegatingMethodAccessorImpl.invoke(DelegatingMethodAccessorImpl.java:43)\r\n	at java.lang.reflect.Method.invoke(Method.java:498)\r\n	at org.springframework.aop.aspectj.AbstractAspectJAdvice.invokeAdviceMethodWithGivenArgs(AbstractAspectJAdvice.java:644)\r\n	at org.springframework.aop.aspectj.AbstractAspectJAdvice.invokeAdviceMethod(AbstractAspectJAdvice.java:633)\r\n	at org.springframework.aop.aspectj.AspectJAroundAdvice.invoke(AspectJAroundAdvice.java:70)\r\n	at org.springframework.aop.framework.ReflectiveMethodInvocation.proceed(ReflectiveMethodInvocation.java:185)\r\n	at org.springframework.aop.interceptor.ExposeInvocationInterceptor.invoke(ExposeInvocationInterceptor.java:92)\r\n	at org.springframework.aop.framework.ReflectiveMethodInvocation.proceed(ReflectiveMethodInvocation.java:185)\r\n	at org.springframework.aop.framework.CglibAopProxyTDynamicAdvisedInterceptor.intercept(CglibAopProxy.java:689)\r\n	at cn.stylefeng.guns.modular.invoice.controller.InvoiceControllerTTEnhancerBySpringCGLIBTT2d6a73b2.delete(<generated>)\r\n	at sun.reflect.NativeMethodAccessorImpl.invoke0(Native Method)\r\n	at sun.reflect.NativeMethodAccessorImpl.invoke(NativeMethodAccessorImpl.java:62)\r\n	at sun.reflect.DelegatingMethodAccessorImpl.invoke(DelegatingMethodAccessorImpl.java:43)\r\n	at java.lang.reflect.Method.invoke(Method.java:498)\r\n	at org.springframework.web.method.support.InvocableHandlerMethod.doInvoke(InvocableHandlerMethod.java:209)\r\n	at org.springframework.web.method.support.InvocableHandlerMethod.invokeForRequest(InvocableHandlerMethod.java:136)\r\n	at org.springframework.web.servlet.mvc.method.annotation.ServletInvocableHandlerMethod.invokeAndHandle(ServletInvocableHandlerMethod.java:102)\r\n	at org.springframework.web.servlet.mvc.method.annotation.RequestMappingHandlerAdapter.invokeHandlerMethod(RequestMappingHandlerAdapter.java:877)\r\n	at org.springframework.web.servlet.mvc.method.annotation.RequestMappingHandlerAdapter.handleInternal(RequestMappingHandlerAdapter.java:783)\r\n	at org.springframework.web.servlet.mvc.method.AbstractHandlerMethodAdapter.handle(AbstractHandlerMethodAdapter.java:87)\r\n	at org.springframework.web.servlet.DispatcherServlet.doDispatch(DispatcherServlet.java:991)\r\n	at org.springframework.web.servlet.DispatcherServlet.doService(DispatcherServlet.java:925)\r\n	at org.springframework.web.servlet.FrameworkServlet.processRequest(FrameworkServlet.java:974)\r\n	at org.springframework.web.servlet.FrameworkServlet.doPost(FrameworkServlet.java:877)\r\n	at javax.servlet.http.HttpServlet.service(HttpServlet.java:661)\r\n	at org.springframework.web.servlet.FrameworkServlet.service(FrameworkServlet.java:851)\r\n	at javax.servlet.http.HttpServlet.service(HttpServlet.java:742)\r\n	at org.apache.catalina.core.ApplicationFilterChain.internalDoFilter(ApplicationFilterChain.java:231)\r\n	at org.apache.catalina.core.ApplicationFilterChain.doFilter(ApplicationFilterChain.java:166)\r\n	at org.apache.tomcat.websocket.server.WsFilter.doFilter(WsFilter.java:52)\r\n	at org.apache.catalina.core.ApplicationFilterChain.internalDoFilter(ApplicationFilterChain.java:193)\r\n	at org.apache.catalina.core.ApplicationFilterChain.doFilter(ApplicationFilterChain.java:166)\r\n	at org.apache.shiro.web.servlet.ProxiedFilterChain.doFilter(ProxiedFilterChain.java:61)\r\n	at org.apache.shiro.web.servlet.AdviceFilter.executeChain(AdviceFilter.java:108)\r\n	at org.apache.shiro.web.servlet.AdviceFilter.doFilterInternal(AdviceFilter.java:137)\r\n	at org.apache.shiro.web.servlet.OncePerRequestFilter.doFilter(OncePerRequestFilter.java:125)\r\n	at org.apache.shiro.web.servlet.ProxiedFilterChain.doFilter(ProxiedFilterChain.java:66)\r\n	at org.apache.shiro.web.servlet.AbstractShiroFilter.executeChain(AbstractShiroFilter.java:449)\r\n	at org.apache.shiro.web.servlet.AbstractShiroFilterT1.call(AbstractShiroFilter.java:365)\r\n	at org.apache.shiro.subject.support.SubjectCallable.doCall(SubjectCallable.java:90)\r\n	at org.apache.shiro.subject.support.SubjectCallable.call(SubjectCallable.java:83)\r\n	at org.apache.shiro.subject.support.DelegatingSubject.execute(DelegatingSubject.java:387)\r\n	at org.apache.shiro.web.servlet.AbstractShiroFilter.doFilterInternal(AbstractShiroFilter.java:362)\r\n	at org.apache.shiro.web.servlet.OncePerRequestFilter.doFilter(OncePerRequestFilter.java:125)\r\n	at org.apache.catalina.core.ApplicationFilterChain.internalDoFilter(ApplicationFilterChain.java:193)\r\n	at org.apache.catalina.core.ApplicationFilterChain.doFilter(ApplicationFilterChain.java:166)\r\n	at cn.stylefeng.roses.core.xss.XssFilter.doFilter(XssFilter.java:31)\r\n	at org.apache.catalina.core.ApplicationFilterChain.internalDoFilter(ApplicationFilterChain.java:193)\r\n	at org.apache.catalina.core.ApplicationFilterChain.doFilter(ApplicationFilterChain.java:166)\r\n	at com.alibaba.druid.support.http.WebStatFilter.doFilter(WebStatFilter.java:123)\r\n	at org.apache.catalina.core.ApplicationFilterChain.internalDoFilter(ApplicationFilterChain.java:193)\r\n	at org.apache.catalina.core.ApplicationFilterChain.doFilter(ApplicationFilterChain.java:166)\r\n	at org.springframework.web.filter.RequestContextFilter.doFilterInternal(RequestContextFilter.java:99)\r\n	at org.springframework.web.filter.OncePerRequestFilter.doFilter(OncePerRequestFilter.java:107)\r\n	at org.apache.catalina.core.ApplicationFilterChain.internalDoFilter(ApplicationFilterChain.java:193)\r\n	at org.apache.catalina.core.ApplicationFilterChain.doFilter(ApplicationFilterChain.java:166)\r\n	at org.springframework.web.filter.HttpPutFormContentFilter.doFilterInternal(HttpPutFormContentFilter.java:109)\r\n	at org.springframework.web.filter.OncePerRequestFilter.doFilter(OncePerRequestFilter.java:107)\r\n	at org.apache.catalina.core.ApplicationFilterChain.internalDoFilter(ApplicationFilterChain.java:193)\r\n	at org.apache.catalina.core.ApplicationFilterChain.doFilter(ApplicationFilterChain.java:166)\r\n	at org.springframework.web.filter.HiddenHttpMethodFilter.doFilterInternal(HiddenHttpMethodFilter.java:81)\r\n	at org.springframework.web.filter.OncePerRequestFilter.doFilter(OncePerRequestFilter.java:107)\r\n	at org.apache.catalina.core.ApplicationFilterChain.internalDoFilter(ApplicationFilterChain.java:193)\r\n	at org.apache.catalina.core.ApplicationFilterChain.doFilter(ApplicationFilterChain.java:166)\r\n	at org.springframework.web.filter.CharacterEncodingFilter.doFilterInternal(CharacterEncodingFilter.java:200)\r\n	at org.springframework.web.filter.OncePerRequestFilter.doFilter(OncePerRequestFilter.java:107)\r\n	at org.apache.catalina.core.ApplicationFilterChain.internalDoFilter(ApplicationFilterChain.java:193)\r\n	at org.apache.catalina.core.ApplicationFilterChain.doFilter(ApplicationFilterChain.java:166)\r\n	at org.apache.catalina.core.StandardWrapperValve.invoke(StandardWrapperValve.java:198)\r\n	at org.apache.catalina.core.StandardContextValve.invoke(StandardContextValve.java:96)\r\n	at org.apache.catalina.authenticator.AuthenticatorBase.invoke(AuthenticatorBase.java:496)\r\n	at org.apache.catalina.core.StandardHostValve.invoke(StandardHostValve.java:140)\r\n	at org.apache.catalina.valves.ErrorReportValve.invoke(ErrorReportValve.java:81)\r\n	at org.apache.catalina.core.StandardEngineValve.invoke(StandardEngineValve.java:87)\r\n	at org.apache.catalina.connector.CoyoteAdapter.service(CoyoteAdapter.java:342)\r\n	at org.apache.coyote.http11.Http11Processor.service(Http11Processor.java:803)\r\n	at org.apache.coyote.AbstractProcessorLight.process(AbstractProcessorLight.java:66)\r\n	at org.apache.coyote.AbstractProtocolTConnectionHandler.process(AbstractProtocol.java:790)\r\n	at org.apache.tomcat.util.net.NioEndpointTSocketProcessor.doRun(NioEndpoint.java:1459)\r\n	at org.apache.tomcat.util.net.SocketProcessorBase.run(SocketProcessorBase.java:49)\r\n	at java.util.concurrent.ThreadPoolExecutor.runWorker(ThreadPoolExecutor.java:1149)\r\n	at java.util.concurrent.ThreadPoolExecutorTWorker.run(ThreadPoolExecutor.java:624)\r\n	at org.apache.tomcat.util.threads.TaskThreadTWrappingRunnable.run(TaskThread.java:61)\r\n	at java.lang.Thread.run(Thread.java:748)\r\n'),(13,'异常日志','',1,NULL,NULL,'2019-04-26 16:16:30','失败','java.lang.NumberFormatException: For input string: \"undefined\"\r\n	at java.lang.NumberFormatException.forInputString(NumberFormatException.java:65)\r\n	at java.lang.Integer.parseInt(Integer.java:580)\r\n	at java.lang.Integer.valueOf(Integer.java:766)\r\n	at cn.stylefeng.guns.modular.invoice.controller.InvoiceController.delete(InvoiceController.java:91)\r\n	at cn.stylefeng.guns.modular.invoice.controller.InvoiceControllerTTFastClassBySpringCGLIBTT24cd054f.invoke(<generated>)\r\n	at org.springframework.cglib.proxy.MethodProxy.invoke(MethodProxy.java:204)\r\n	at org.springframework.aop.framework.CglibAopProxyTCglibMethodInvocation.invokeJoinpoint(CglibAopProxy.java:747)\r\n	at org.springframework.aop.framework.ReflectiveMethodInvocation.proceed(ReflectiveMethodInvocation.java:163)\r\n	at org.springframework.aop.aspectj.MethodInvocationProceedingJoinPoint.proceed(MethodInvocationProceedingJoinPoint.java:89)\r\n	at cn.stylefeng.guns.core.interceptor.SessionHolderInterceptor.sessionKit(SessionHolderInterceptor.java:44)\r\n	at sun.reflect.GeneratedMethodAccessor140.invoke(Unknown Source)\r\n	at sun.reflect.DelegatingMethodAccessorImpl.invoke(DelegatingMethodAccessorImpl.java:43)\r\n	at java.lang.reflect.Method.invoke(Method.java:498)\r\n	at org.springframework.aop.aspectj.AbstractAspectJAdvice.invokeAdviceMethodWithGivenArgs(AbstractAspectJAdvice.java:644)\r\n	at org.springframework.aop.aspectj.AbstractAspectJAdvice.invokeAdviceMethod(AbstractAspectJAdvice.java:633)\r\n	at org.springframework.aop.aspectj.AspectJAroundAdvice.invoke(AspectJAroundAdvice.java:70)\r\n	at org.springframework.aop.framework.ReflectiveMethodInvocation.proceed(ReflectiveMethodInvocation.java:185)\r\n	at org.springframework.aop.interceptor.ExposeInvocationInterceptor.invoke(ExposeInvocationInterceptor.java:92)\r\n	at org.springframework.aop.framework.ReflectiveMethodInvocation.proceed(ReflectiveMethodInvocation.java:185)\r\n	at org.springframework.aop.framework.CglibAopProxyTDynamicAdvisedInterceptor.intercept(CglibAopProxy.java:689)\r\n	at cn.stylefeng.guns.modular.invoice.controller.InvoiceControllerTTEnhancerBySpringCGLIBTT2d6a73b2.delete(<generated>)\r\n	at sun.reflect.NativeMethodAccessorImpl.invoke0(Native Method)\r\n	at sun.reflect.NativeMethodAccessorImpl.invoke(NativeMethodAccessorImpl.java:62)\r\n	at sun.reflect.DelegatingMethodAccessorImpl.invoke(DelegatingMethodAccessorImpl.java:43)\r\n	at java.lang.reflect.Method.invoke(Method.java:498)\r\n	at org.springframework.web.method.support.InvocableHandlerMethod.doInvoke(InvocableHandlerMethod.java:209)\r\n	at org.springframework.web.method.support.InvocableHandlerMethod.invokeForRequest(InvocableHandlerMethod.java:136)\r\n	at org.springframework.web.servlet.mvc.method.annotation.ServletInvocableHandlerMethod.invokeAndHandle(ServletInvocableHandlerMethod.java:102)\r\n	at org.springframework.web.servlet.mvc.method.annotation.RequestMappingHandlerAdapter.invokeHandlerMethod(RequestMappingHandlerAdapter.java:877)\r\n	at org.springframework.web.servlet.mvc.method.annotation.RequestMappingHandlerAdapter.handleInternal(RequestMappingHandlerAdapter.java:783)\r\n	at org.springframework.web.servlet.mvc.method.AbstractHandlerMethodAdapter.handle(AbstractHandlerMethodAdapter.java:87)\r\n	at org.springframework.web.servlet.DispatcherServlet.doDispatch(DispatcherServlet.java:991)\r\n	at org.springframework.web.servlet.DispatcherServlet.doService(DispatcherServlet.java:925)\r\n	at org.springframework.web.servlet.FrameworkServlet.processRequest(FrameworkServlet.java:974)\r\n	at org.springframework.web.servlet.FrameworkServlet.doPost(FrameworkServlet.java:877)\r\n	at javax.servlet.http.HttpServlet.service(HttpServlet.java:661)\r\n	at org.springframework.web.servlet.FrameworkServlet.service(FrameworkServlet.java:851)\r\n	at javax.servlet.http.HttpServlet.service(HttpServlet.java:742)\r\n	at org.apache.catalina.core.ApplicationFilterChain.internalDoFilter(ApplicationFilterChain.java:231)\r\n	at org.apache.catalina.core.ApplicationFilterChain.doFilter(ApplicationFilterChain.java:166)\r\n	at org.apache.tomcat.websocket.server.WsFilter.doFilter(WsFilter.java:52)\r\n	at org.apache.catalina.core.ApplicationFilterChain.internalDoFilter(ApplicationFilterChain.java:193)\r\n	at org.apache.catalina.core.ApplicationFilterChain.doFilter(ApplicationFilterChain.java:166)\r\n	at org.apache.shiro.web.servlet.ProxiedFilterChain.doFilter(ProxiedFilterChain.java:61)\r\n	at org.apache.shiro.web.servlet.AdviceFilter.executeChain(AdviceFilter.java:108)\r\n	at org.apache.shiro.web.servlet.AdviceFilter.doFilterInternal(AdviceFilter.java:137)\r\n	at org.apache.shiro.web.servlet.OncePerRequestFilter.doFilter(OncePerRequestFilter.java:125)\r\n	at org.apache.shiro.web.servlet.ProxiedFilterChain.doFilter(ProxiedFilterChain.java:66)\r\n	at org.apache.shiro.web.servlet.AbstractShiroFilter.executeChain(AbstractShiroFilter.java:449)\r\n	at org.apache.shiro.web.servlet.AbstractShiroFilterT1.call(AbstractShiroFilter.java:365)\r\n	at org.apache.shiro.subject.support.SubjectCallable.doCall(SubjectCallable.java:90)\r\n	at org.apache.shiro.subject.support.SubjectCallable.call(SubjectCallable.java:83)\r\n	at org.apache.shiro.subject.support.DelegatingSubject.execute(DelegatingSubject.java:387)\r\n	at org.apache.shiro.web.servlet.AbstractShiroFilter.doFilterInternal(AbstractShiroFilter.java:362)\r\n	at org.apache.shiro.web.servlet.OncePerRequestFilter.doFilter(OncePerRequestFilter.java:125)\r\n	at org.apache.catalina.core.ApplicationFilterChain.internalDoFilter(ApplicationFilterChain.java:193)\r\n	at org.apache.catalina.core.ApplicationFilterChain.doFilter(ApplicationFilterChain.java:166)\r\n	at cn.stylefeng.roses.core.xss.XssFilter.doFilter(XssFilter.java:31)\r\n	at org.apache.catalina.core.ApplicationFilterChain.internalDoFilter(ApplicationFilterChain.java:193)\r\n	at org.apache.catalina.core.ApplicationFilterChain.doFilter(ApplicationFilterChain.java:166)\r\n	at com.alibaba.druid.support.http.WebStatFilter.doFilter(WebStatFilter.java:123)\r\n	at org.apache.catalina.core.ApplicationFilterChain.internalDoFilter(ApplicationFilterChain.java:193)\r\n	at org.apache.catalina.core.ApplicationFilterChain.doFilter(ApplicationFilterChain.java:166)\r\n	at org.springframework.web.filter.RequestContextFilter.doFilterInternal(RequestContextFilter.java:99)\r\n	at org.springframework.web.filter.OncePerRequestFilter.doFilter(OncePerRequestFilter.java:107)\r\n	at org.apache.catalina.core.ApplicationFilterChain.internalDoFilter(ApplicationFilterChain.java:193)\r\n	at org.apache.catalina.core.ApplicationFilterChain.doFilter(ApplicationFilterChain.java:166)\r\n	at org.springframework.web.filter.HttpPutFormContentFilter.doFilterInternal(HttpPutFormContentFilter.java:109)\r\n	at org.springframework.web.filter.OncePerRequestFilter.doFilter(OncePerRequestFilter.java:107)\r\n	at org.apache.catalina.core.ApplicationFilterChain.internalDoFilter(ApplicationFilterChain.java:193)\r\n	at org.apache.catalina.core.ApplicationFilterChain.doFilter(ApplicationFilterChain.java:166)\r\n	at org.springframework.web.filter.HiddenHttpMethodFilter.doFilterInternal(HiddenHttpMethodFilter.java:81)\r\n	at org.springframework.web.filter.OncePerRequestFilter.doFilter(OncePerRequestFilter.java:107)\r\n	at org.apache.catalina.core.ApplicationFilterChain.internalDoFilter(ApplicationFilterChain.java:193)\r\n	at org.apache.catalina.core.ApplicationFilterChain.doFilter(ApplicationFilterChain.java:166)\r\n	at org.springframework.web.filter.CharacterEncodingFilter.doFilterInternal(CharacterEncodingFilter.java:200)\r\n	at org.springframework.web.filter.OncePerRequestFilter.doFilter(OncePerRequestFilter.java:107)\r\n	at org.apache.catalina.core.ApplicationFilterChain.internalDoFilter(ApplicationFilterChain.java:193)\r\n	at org.apache.catalina.core.ApplicationFilterChain.doFilter(ApplicationFilterChain.java:166)\r\n	at org.apache.catalina.core.StandardWrapperValve.invoke(StandardWrapperValve.java:198)\r\n	at org.apache.catalina.core.StandardContextValve.invoke(StandardContextValve.java:96)\r\n	at org.apache.catalina.authenticator.AuthenticatorBase.invoke(AuthenticatorBase.java:496)\r\n	at org.apache.catalina.core.StandardHostValve.invoke(StandardHostValve.java:140)\r\n	at org.apache.catalina.valves.ErrorReportValve.invoke(ErrorReportValve.java:81)\r\n	at org.apache.catalina.core.StandardEngineValve.invoke(StandardEngineValve.java:87)\r\n	at org.apache.catalina.connector.CoyoteAdapter.service(CoyoteAdapter.java:342)\r\n	at org.apache.coyote.http11.Http11Processor.service(Http11Processor.java:803)\r\n	at org.apache.coyote.AbstractProcessorLight.process(AbstractProcessorLight.java:66)\r\n	at org.apache.coyote.AbstractProtocolTConnectionHandler.process(AbstractProtocol.java:790)\r\n	at org.apache.tomcat.util.net.NioEndpointTSocketProcessor.doRun(NioEndpoint.java:1459)\r\n	at org.apache.tomcat.util.net.SocketProcessorBase.run(SocketProcessorBase.java:49)\r\n	at java.util.concurrent.ThreadPoolExecutor.runWorker(ThreadPoolExecutor.java:1149)\r\n	at java.util.concurrent.ThreadPoolExecutorTWorker.run(ThreadPoolExecutor.java:624)\r\n	at org.apache.tomcat.util.threads.TaskThreadTWrappingRunnable.run(TaskThread.java:61)\r\n	at java.lang.Thread.run(Thread.java:748)\r\n');

/*Table structure for table `sys_relation` */

DROP TABLE IF EXISTS `sys_relation`;

CREATE TABLE `sys_relation` (
  `id` int(11) NOT NULL AUTO_INCREMENT COMMENT '主键',
  `menuid` bigint(11) DEFAULT NULL COMMENT '菜单id',
  `roleid` int(11) DEFAULT NULL COMMENT '角色id',
  PRIMARY KEY (`id`)
) ENGINE=InnoDB AUTO_INCREMENT=4644 DEFAULT CHARSET=utf8 COMMENT='角色和菜单关联表';

/*Data for the table `sys_relation` */

insert  into `sys_relation`(`id`,`menuid`,`roleid`) values (3377,105,5),(3378,106,5),(3379,107,5),(3380,108,5),(3381,109,5),(3382,110,5),(3383,111,5),(3384,112,5),(3385,113,5),(3386,114,5),(3387,115,5),(3388,116,5),(3389,117,5),(3390,118,5),(3391,119,5),(3392,120,5),(3393,121,5),(3394,122,5),(3395,150,5),(3396,151,5),(4532,105,1),(4533,106,1),(4534,107,1),(4535,108,1),(4536,109,1),(4537,110,1),(4538,111,1),(4539,112,1),(4540,113,1),(4541,165,1),(4542,166,1),(4543,167,1),(4544,114,1),(4545,115,1),(4546,116,1),(4547,117,1),(4548,118,1),(4549,162,1),(4550,163,1),(4551,164,1),(4552,119,1),(4553,120,1),(4554,121,1),(4555,122,1),(4556,150,1),(4557,151,1),(4558,128,1),(4559,134,1),(4560,158,1),(4561,159,1),(4562,130,1),(4563,131,1),(4564,135,1),(4565,136,1),(4566,137,1),(4567,152,1),(4568,153,1),(4569,154,1),(4570,132,1),(4571,138,1),(4572,139,1),(4573,140,1),(4574,155,1),(4575,156,1),(4576,157,1),(4577,133,1),(4578,160,1),(4579,161,1),(4580,141,1),(4581,142,1),(4582,143,1),(4583,144,1),(4584,145,1),(4585,148,1),(4586,149,1),(4587,171,1),(4588,172,1),(4589,173,1),(4590,174,1),(4591,175,1),(4592,176,1),(4593,177,1),(4594,178,1),(4595,179,1),(4596,180,1),(4597,181,1),(4598,182,1),(4599,183,1),(4600,184,1),(4601,204,1),(4602,205,1),(4603,206,1),(4604,207,1),(4605,208,1),(4606,209,1),(4607,210,1),(4608,211,1),(4609,212,1),(4610,213,1),(4611,214,1),(4612,215,1),(4613,222,1),(4614,223,1),(4615,224,1),(4616,225,1),(4617,226,1),(4618,227,1),(4619,185,1),(4620,186,1),(4621,187,1),(4622,188,1),(4623,189,1),(4624,190,1),(4625,191,1),(4626,192,1),(4627,193,1),(4628,194,1),(4629,195,1),(4630,196,1),(4631,197,1),(4632,216,1),(4633,217,1),(4634,218,1),(4635,219,1),(4636,220,1),(4637,221,1),(4638,198,1),(4639,199,1),(4640,200,1),(4641,201,1),(4642,202,1),(4643,203,1);

/*Table structure for table `sys_role` */

DROP TABLE IF EXISTS `sys_role`;

CREATE TABLE `sys_role` (
  `id` int(11) NOT NULL AUTO_INCREMENT COMMENT '主键id',
  `num` int(11) DEFAULT NULL COMMENT '序号',
  `pid` int(11) DEFAULT NULL COMMENT '父角色id',
  `name` varchar(255) DEFAULT NULL COMMENT '角色名称',
  `deptid` int(11) DEFAULT NULL COMMENT '部门名称',
  `tips` varchar(255) DEFAULT NULL COMMENT '提示',
  `version` int(11) DEFAULT NULL COMMENT '保留字段(暂时没用）',
  PRIMARY KEY (`id`)
) ENGINE=InnoDB AUTO_INCREMENT=6 DEFAULT CHARSET=utf8 COMMENT='角色表';

/*Data for the table `sys_role` */

insert  into `sys_role`(`id`,`num`,`pid`,`name`,`deptid`,`tips`,`version`) values (1,1,0,'超级管理员',24,'administrator',1),(5,2,1,'临时',26,'temp',NULL);

/*Table structure for table `sys_user` */

DROP TABLE IF EXISTS `sys_user`;

CREATE TABLE `sys_user` (
  `id` int(11) NOT NULL AUTO_INCREMENT COMMENT '主键id',
  `avatar` varchar(255) DEFAULT NULL COMMENT '头像',
  `account` varchar(45) DEFAULT NULL COMMENT '账号',
  `password` varchar(45) DEFAULT NULL COMMENT '密码',
  `salt` varchar(45) DEFAULT NULL COMMENT 'md5密码盐',
  `name` varchar(45) DEFAULT NULL COMMENT '名字',
  `birthday` datetime DEFAULT NULL COMMENT '生日',
  `sex` int(11) DEFAULT NULL COMMENT '性别（1：男 2：女）',
  `email` varchar(45) DEFAULT NULL COMMENT '电子邮件',
  `phone` varchar(45) DEFAULT NULL COMMENT '电话',
  `roleid` varchar(255) DEFAULT NULL COMMENT '角色id',
  `deptid` int(11) DEFAULT NULL COMMENT '部门id',
  `status` int(11) DEFAULT NULL COMMENT '状态(1：启用  2：冻结  3：删除）',
  `createtime` datetime DEFAULT NULL COMMENT '创建时间',
  `version` int(11) DEFAULT NULL COMMENT '保留字段',
  PRIMARY KEY (`id`)
) ENGINE=InnoDB AUTO_INCREMENT=47 DEFAULT CHARSET=utf8 COMMENT='管理员表';

/*Data for the table `sys_user` */

insert  into `sys_user`(`id`,`avatar`,`account`,`password`,`salt`,`name`,`birthday`,`sex`,`email`,`phone`,`roleid`,`deptid`,`status`,`createtime`,`version`) values (1,'girl.gif','admin','ecfadcde9305f8891bcfe5a1e28c253e','8pgby','张三','2017-05-05 00:00:00',2,'sn93@qq.com','18200000000','1',27,1,'2016-01-29 08:49:53',25),(44,NULL,'test','45abb7879f6a8268f1ef600e6038ac73','ssts3','test','2017-05-01 00:00:00',1,'abc@123.com','','5',26,3,'2017-05-16 20:33:37',NULL),(45,NULL,'boss','71887a5ad666a18f709e1d4e693d5a35','1f7bf','老板','2017-12-04 00:00:00',1,'','','1',24,1,'2017-12-04 22:24:02',NULL),(46,NULL,'manager','b53cac62e7175637d4beb3b16b2f7915','j3cs9','经理','2017-12-04 00:00:00',1,'','','1',24,1,'2017-12-04 22:24:24',NULL);

/*Table structure for table `sysparam` */

DROP TABLE IF EXISTS `sysparam`;

CREATE TABLE `sysparam` (
  `id` int(11) NOT NULL AUTO_INCREMENT COMMENT 'ID',
  `key_name` varchar(255) COLLATE utf8_bin NOT NULL DEFAULT '' COMMENT 'keyName',
  `key_value` varchar(255) COLLATE utf8_bin NOT NULL DEFAULT '' COMMENT 'keyValue',
  `remark` varchar(255) COLLATE utf8_bin NOT NULL DEFAULT '' COMMENT '备注',
  `create_time` timestamp NOT NULL DEFAULT CURRENT_TIMESTAMP COMMENT '创建时间',
  `update_time` timestamp NOT NULL DEFAULT CURRENT_TIMESTAMP ON UPDATE CURRENT_TIMESTAMP COMMENT '更新时间',
  PRIMARY KEY (`id`)
) ENGINE=InnoDB AUTO_INCREMENT=7 DEFAULT CHARSET=utf8 COLLATE=utf8_bin;

/*Data for the table `sysparam` */

insert  into `sysparam`(`id`,`key_name`,`key_value`,`remark`,`create_time`,`update_time`) values (1,'draw_on_off','1','自动抽奖开关','2019-04-16 11:06:55','2019-04-25 18:25:49'),(2,'article_title','任城区发票摇奖第%s期%s名幸运入围奖名单','入围奖标题','2019-04-23 17:07:46','2019-04-25 18:25:41'),(3,'system_url','http://tlhe.cn/','系统域名','2019-04-24 14:56:47','2019-04-25 18:25:37'),(5,'draw_amount','2','自动抽奖数量','2019-04-25 18:01:48','2019-04-25 18:42:33'),(6,'draw_number','19','期数','2019-04-25 18:39:52','2019-05-23 16:38:52');

/*Table structure for table `test` */

DROP TABLE IF EXISTS `test`;

CREATE TABLE `test` (
  `aaa` int(11) NOT NULL AUTO_INCREMENT,
  `bbb` varchar(255) DEFAULT NULL,
  PRIMARY KEY (`aaa`) USING BTREE
) ENGINE=InnoDB AUTO_INCREMENT=21 DEFAULT CHARSET=utf8 ROW_FORMAT=DYNAMIC;

/*Data for the table `test` */

insert  into `test`(`aaa`,`bbb`) values (17,'gunsTest'),(18,'bizTest'),(19,'gunsTest'),(20,'bizTest');

/*Table structure for table `videos` */

DROP TABLE IF EXISTS `videos`;

CREATE TABLE `videos` (
  `id` int(11) NOT NULL AUTO_INCREMENT COMMENT 'ID',
  `title` varchar(20) COLLATE utf8_bin NOT NULL DEFAULT '' COMMENT '视频名称',
  `img_url` varchar(255) COLLATE utf8_bin NOT NULL DEFAULT '' COMMENT '封面地址',
  `video_url` varchar(255) COLLATE utf8_bin NOT NULL DEFAULT '' COMMENT '视频地址',
  `create_time` timestamp NOT NULL DEFAULT CURRENT_TIMESTAMP COMMENT '创建时间',
  `update_time` timestamp NOT NULL DEFAULT CURRENT_TIMESTAMP COMMENT '更新时间',
  PRIMARY KEY (`id`)
) ENGINE=InnoDB AUTO_INCREMENT=3 DEFAULT CHARSET=utf8 COLLATE=utf8_bin;

/*Data for the table `videos` */

insert  into `videos`(`id`,`title`,`img_url`,`video_url`,`create_time`,`update_time`) values (2,'66','http://www.yzkpyx.net/web/images/banner1.jpg','http://www.yzkpyx.net/web/video/yzkpyx1.mp4','2019-04-11 10:47:20','2019-04-11 10:47:20');

/*!40101 SET SQL_MODE=@OLD_SQL_MODE */;
/*!40014 SET FOREIGN_KEY_CHECKS=@OLD_FOREIGN_KEY_CHECKS */;
/*!40014 SET UNIQUE_CHECKS=@OLD_UNIQUE_CHECKS */;
/*!40111 SET SQL_NOTES=@OLD_SQL_NOTES */;
